bug.id,revision.id.buggy,revision.id.fixed,report.id,report.url
1,1780da711d88f669e29e0517f83d692fb80099db,0da657a65c92b086a301a6ffe9e34ec272f8889c,MATH-996,https://issues.apache.org/jira/browse/MATH-996
2,ad5c90bbabdbce834068bc79d3eb00c823e97008,c0b655ace5665c0cd32e3f5e5b46edad4d223125,MATH-1021,https://issues.apache.org/jira/browse/MATH-1021
3,de4209544270def43e39db0d214d1564939f8e40,92c4697300e8ddf06152bc0838c738d50673c1d2,MATH-1005,https://issues.apache.org/jira/browse/MATH-1005
4,d609e65f7bfb38c66e2a8670242e72108b3d0e98,277e61721f34be16a20da663fd597edf6b51939b,MATH-988,https://issues.apache.org/jira/browse/MATH-988
5,f5bcba812fb8bc59ff5e4bc055811039b610aa2b,e54a1c92302f3167b06bc04859b87ac0681bcdf3,MATH-934,https://issues.apache.org/jira/browse/MATH-934
6,6c9d06a658d87c01fb02d1efce15bf6b74eb7aab,419a052c6842192e78f747d9f5af619c2ca56e78,MATH-949,https://issues.apache.org/jira/browse/MATH-949
7,96cd02e82c219349086092cdc2c5a450efc8be13,1cd68eed57febf806c385bf04a596b922f4c1964,MATH-950,https://issues.apache.org/jira/browse/MATH-950
8,55046479fe33e47a002ab4f4949bd944ba70d37d,196e63174afdb3df1529c1b97bb8437b16831cc3,MATH-942,https://issues.apache.org/jira/browse/MATH-942
9,c929aee12a2b777152371fc061e4b79f088fa039,de98c0f0a566060ac143c39036f06a03f141dc52,MATH-938,https://issues.apache.org/jira/browse/MATH-938
10,d2a916e325a1c47f12137ea902aaac100ed1f5db,7e2ffcc9034de41d7787f0b33b5670474f7a10de,MATH-935,https://issues.apache.org/jira/browse/MATH-935
11,02f64e7355618ef222c2320bd6731cce8c244fc5,aa2bd1d0656b0001192aa2b2ef779cfd1f3b7e4d,MATH-929,https://issues.apache.org/jira/browse/MATH-929
12,67fc870987c8da66ae719764a6ce2e1a9d3bfc76,cc82d38aaf6ec24758a0a6df9535b8204e22ef12,MATH-927,https://issues.apache.org/jira/browse/MATH-927
13,a6b2e992e17cee0d4cb5a2da8242a20b8e5a8fc3,8079ea5b8d1366445da532906e43afa9291473cf,MATH-924,https://issues.apache.org/jira/browse/MATH-924
14,0f37f87216b67d12b722d706f3e313b731ee31ab,a6b2e992e17cee0d4cb5a2da8242a20b8e5a8fc3,MATH-924,https://issues.apache.org/jira/browse/MATH-924
15,efcf91bce70116ab1f628dee5c9ed1c2f18d2db9,b221a7342856a2a548f5d9817055defc0ec4dea6,MATH-904,https://issues.apache.org/jira/browse/MATH-904
16,87324e56a31c110a1653955cdd715e9e88a54ed7,875ed1f4d90d1457c0ab40dafc79be5a0c6f9bf6,MATH-905,https://issues.apache.org/jira/browse/MATH-905
17,07611165b6176b6e3e6d5ac6ca052a102f10e3c4,621806b796bc416f00341feca894ebae07be5ed0,MATH-778,https://issues.apache.org/jira/browse/MATH-778
18,6e62aefca7aefe26a2ebc43fcdcd6cd58953f7de,7c7d7e8f103582e753c39a2baf14a483e991fefb,MATH-867,https://issues.apache.org/jira/browse/MATH-867
19,efa9de05114492ca38cf4739a07339f5ad6faddc,c73fad0a0d42103b5e13a68317ea95b1090263ba,MATH-865,https://issues.apache.org/jira/browse/MATH-865
20,5a50073d07ca309d78cfc4e071f4bbe051bdbd40,efa9de05114492ca38cf4739a07339f5ad6faddc,MATH-864,https://issues.apache.org/jira/browse/MATH-864
21,dbb408e860279d92b7502474328bb5385c2d9243,468ed8550b7759858a4dc59d694859a8ae7d35f0,MATH-789,https://issues.apache.org/jira/browse/MATH-789
22,51461f1c9ce91953ed3e6dbd01b0e2c8bbd75da2,b0cba9a79ee99b09958dec8e40c75bed47b7f780,MATH-859,https://issues.apache.org/jira/browse/MATH-859
23,2b4c1f87a73448323d21cd459f967013a41870ca,f1b04e990f4fc86544b6230fab1aa8ecfb74fbb1,MATH-855,https://issues.apache.org/jira/browse/MATH-855
24,4e21bb6f6c4bc7380dc58bd8d23c99ea8f4ef5bd,d5ff460ba69e4261f066d7856e2f90b886924513,MATH-855,https://issues.apache.org/jira/browse/MATH-855
25,33201599dd578318ce0b87b1cd15c29a7d046097,996dd998e3081e4a842017b8ebcdae9b6059b530,MATH-844,https://issues.apache.org/jira/browse/MATH-844
26,5f2077bb774d283e7984a2d5dc0c2759f2954963,1566dd339f6efc2347b0962fac7fce22adbc31ff,MATH-836,https://issues.apache.org/jira/browse/MATH-836
27,d3fc5af31eb696af03cfbe2e18584c7e1d307d54,5f2077bb774d283e7984a2d5dc0c2759f2954963,MATH-835,https://issues.apache.org/jira/browse/MATH-835
28,a55c951a3d573464e3905de7328fcdc487eebfb4,d3fc5af31eb696af03cfbe2e18584c7e1d307d54,MATH-828,https://issues.apache.org/jira/browse/MATH-828
29,350b2b1aa1ed5d7df05a77bf13f701ac1712dbc0,7bbddc2203bed78fafe7739a97df1f53e767341a,MATH-803,https://issues.apache.org/jira/browse/MATH-803
30,631c5bcbb2d8d46eed1091031310ed24fcd866ed,a25e7f7abe7f6b3f4147febee4a917ce92241aab,MATH-790,https://issues.apache.org/jira/browse/MATH-790
31,6a5ef0149e123d9de19910d59e45d0e66bfd665c,2d846db3aec18dd081e680be05f6e0faad1cb186,MATH-718,https://issues.apache.org/jira/browse/MATH-718
32,8d6478346e45d728656ccac760adc8126b3d225c,f81847d8079753ce45b049813730055188a22efb,MATH-780,https://issues.apache.org/jira/browse/MATH-780
33,e5c7e4055ab2a40cb107a7ebd33766867325d5cc,3ef79313597d7d49067c48d65a09042d8d94822d,MATH-781,https://issues.apache.org/jira/browse/MATH-781
34,b91b3efb3854c0fd0f270bdba6cdfa8058c0515a,520f36b43a13681db338a07ac6c251cbe1a7a6e5,MATH-779,https://issues.apache.org/jira/browse/MATH-779
35,88f944e1aada536e9a70b041387bb328d61490cd,a5d8d115cb85149c62059a23e8f4d318cac0e903,MATH-776,https://issues.apache.org/jira/browse/MATH-776
36,966d2eeef17b0b9bc7c07822be8da337bffedf97,1a15d5f4c13eca0435b0ed7e6a624064e7f7e07f,MATH-744,https://issues.apache.org/jira/browse/MATH-744
37,de147e5cc14f8dac6da785289421a55b11d21aa6,65ed08e15af15617e967d3ea9d635dc55a0ef866,MATH-722,https://issues.apache.org/jira/browse/MATH-722
38,74e00296574dc3ac0bc064fc3258faabaf732d6c,91cc42ba0493938aa53585720b315b62c5784a96,MATH-728,https://issues.apache.org/jira/browse/MATH-728
39,c23859f0172edba1ff75577d0ad98e3fb41aa6d4,74e00296574dc3ac0bc064fc3258faabaf732d6c,MATH-727,https://issues.apache.org/jira/browse/MATH-727
40,efa7825880d8c1c7411e51c5e21df6a004b78a3b,c8becc7c47963bcdc1578298846ad6fbf08f64ef,MATH-716,https://issues.apache.org/jira/browse/MATH-716
41,91e6ac584320681913de4a71a4e8d9f837e099b4,882556eabbeb2f62939aee29afdec2a01ce4bbe1,MATH-704,https://issues.apache.org/jira/browse/MATH-704
42,800943ecf2e3ecf9258d8fdf8052e9273b816a97,e98a5000cd211539bf4ba65f62cc7f81395e1726,MATH-713,https://issues.apache.org/jira/browse/MATH-713
43,c282a044d713d78cbf7ff86694c2c224fb47e14f,dcae84b2e8f025e93340307d8bc04d406202c323,MATH-691,https://issues.apache.org/jira/browse/MATH-691
44,4d994702cb50c8ad80f4f977292063a118cff724,53c8cec5ceb4cd81e3f9b8858814accac83a324e,MATH-695,https://issues.apache.org/jira/browse/MATH-695
45,4a702dbf7e2264c0b9757178f3afbde38e07fe41,bc4e9db01c2a03062965fa4bac65782376ab2287,MATH-679,https://issues.apache.org/jira/browse/MATH-679
46,330f3fe17d132bd4e2a91ff812ccf489e77f390f,e6f27ebcb9ee0a344308382b99a3894bb61b225d,MATH-657,https://issues.apache.org/jira/browse/MATH-657
47,bbb5e1e198f995eddb393f820ed059aa774871c3,330f3fe17d132bd4e2a91ff812ccf489e77f390f,MATH-657,https://issues.apache.org/jira/browse/MATH-657
48,2af72281fcb919dac92b0c4e464f847adda23be1,13d22f45624470ce5c07c085cf8b1ec0251eaee6,MATH-631,https://issues.apache.org/jira/browse/MATH-631
49,0b78d9accafadffe00697c2c56706043cdba5e64,09e35881f1ad74335707e70aa78fd347e37d1066,MATH-645,https://issues.apache.org/jira/browse/MATH-645
50,ef028845113aca7e1159b1725edd7c39ed686faf,39cf5e69259d7560d50553caf028f9229b721013,MATH-631,https://issues.apache.org/jira/browse/MATH-631
51,34fef656d03a5ba75047a55a894f6f72cbe59f2e,2f066a5b2d2fe8a00a251a3220b0d52446fe392d,MATH-631,https://issues.apache.org/jira/browse/MATH-631
52,def9fbf8701afa6937fe582c7572c7be011c319f,3c319db494928e9d51ea6091b301302c65f4eceb,MATH-639,https://issues.apache.org/jira/browse/MATH-639
53,3eb3573c62df5b89cb02a4ea67f08d85d2ceefba,7707b0bb80be05bbf6533a36bb0c646cbfd1026d,MATH-618,https://issues.apache.org/jira/browse/MATH-618
54,804309e5c5726ad22b0c74dfccdb1ed318f0a108,c00ac8120a4215125e49775cd9351e689586b467,MATH-567,https://issues.apache.org/jira/browse/MATH-567
55,3114d4ed4654f54fc1ee8e3c3da5b6cd1cd2cc87,0c38504ffa3ef520ce78e260538d7b8742c895e8,MATH-554,https://issues.apache.org/jira/browse/MATH-554
56,d773adb1228299c05ae9abbacf2f3616e9a170e0,e06fe05e2dd68936e770ba67caa7b9924568170d,MATH-552,https://issues.apache.org/jira/browse/MATH-552
57,d3892cb85f3eb8ccadada228b791170e3e0a9124,00fea9d8078d487e31cec8292dbd9bd69bc9c216,MATH-546,https://issues.apache.org/jira/browse/MATH-546
58,b1392325d1255f7e3a1b04a12859a8bb75e4d14c,45add3a0e7e2e94bfc29e85c9ef0856e2e473a33,MATH-519,https://issues.apache.org/jira/browse/MATH-519
59,ffcaeb072fe0789bb9a64f8488ce9df742ba7da9,5dcca48038fb6274cc155251d09db12746ccce71,MATH-482,https://issues.apache.org/jira/browse/MATH-482
60,87430634d19f8f3af1e0019f733afb578c80d669,9054aac4b948117b838d6a5b15be1f50965d805a,MATH-414,https://issues.apache.org/jira/browse/MATH-414
61,30bacfbe14e57ec64d08baae52efa91877e8dd9b,f76efe5f4ef36fadc677c94269927076f2f42eb9,MATH-349,https://issues.apache.org/jira/browse/MATH-349
62,6a07726a825da09003d153e52ea30005b1a4c013,8de3eb542b2be80ba309b2c91ae1dba75bdb5063,MATH-413,https://issues.apache.org/jira/browse/MATH-413
63,91b44a1ef7563f54e8acdf29906bd872985a2a6e,d2a5bc02c002acfa220ce8bad23b9e8af137f47d,MATH-370,https://issues.apache.org/jira/browse/MATH-370
64,1909dbe0ca1fc678d9baf1388f8efcf4c65b2a54,7dadc2ab019f066a7a287376ad4c63193e8a0a9a,MATH-405,https://issues.apache.org/jira/browse/MATH-405
65,d4e5f1ce10a4ca8c13625bd03c00a156238655cc,a4f9188a55e6935d4d38ae97806af4d59e671588,MATH-377,https://issues.apache.org/jira/browse/MATH-377
66,7bbad398dd4da51c933414be9a17b07179dee5e4,76fcbc838c0f27d9b029c1f283390cb4f47f8895,MATH-395,https://issues.apache.org/jira/browse/MATH-395
67,28f28f18ae42f154e9c43de8c3b78f85adf9b318,fc505bba569dede0d29a401798fa9f55df9e27f1,MATH-393,https://issues.apache.org/jira/browse/MATH-393
68,103f12391b89112f030b921a7c4969f00ff23b44,615ca9a000c253575e6f62bed87db6110b750834,MATH-362,https://issues.apache.org/jira/browse/MATH-362
69,7272826424a28e22d96b86a8e320a37b9e006e71,a2711c189d9754c22e3aba2de1c6c125e52626aa,MATH-371,https://issues.apache.org/jira/browse/MATH-371
70,f184aeb7810bed8c89b2c8cca4f8164aef535e56,f41fcd85ca62a2109a6e550be0353d292d351213,MATH-369,https://issues.apache.org/jira/browse/MATH-369
71,fa959ca8c89133c3a2f024a020ec80948ee31926,6537e18ad189603e19615226e6aa1a9cdd154b8f,MATH-358,https://issues.apache.org/jira/browse/MATH-358
72,29c3b75e2d5120771ca85ffcbffc9b7cb5d45c58,aa09ac7ca6e01a2ba41470ca590f07f2ada8af6f,MATH-344,https://issues.apache.org/jira/browse/MATH-344
73,1687372e34828dff42e1482ed6575bb982b81b00,29c3b75e2d5120771ca85ffcbffc9b7cb5d45c58,MATH-343,https://issues.apache.org/jira/browse/MATH-343
74,034b4d68157defc3199f618fdd2d3a487306dbc2,d06e7b7c8e646ff489a5dfba47dfcb283a194e9b,MATH-338,https://issues.apache.org/jira/browse/MATH-338
75,39e2ad8af8fdedac51144158061cb31e7863c3a1,523df0c13719150b1397a6094f410274bfaf1475,MATH-329,https://issues.apache.org/jira/browse/MATH-329
76,d607614a8827a1a5fab587b6e692601d5673833e,39e2ad8af8fdedac51144158061cb31e7863c3a1,MATH-320,https://issues.apache.org/jira/browse/MATH-320
77,b30bff0126e1a0301a8b86b40a0b532f1d0ae28f,d6555de715889237b7be11639d164e7098862003,MATH-326,https://issues.apache.org/jira/browse/MATH-326
78,cc7e3e7fe46844f068c622cf439ef4b654d971ec,b3ed2415fc58b34667d99f077bae6c8e38b7aced,MATH-322,https://issues.apache.org/jira/browse/MATH-322
79,ca1ca9250b99dd49434468aa5530eb00b2f0680d,138baec1c778c2ea1dc1a6efe6d5e76a3b072b1d,MATH-305,https://issues.apache.org/jira/browse/MATH-305
80,7d903ca533833e5db8d2fe150f1e31b54ddda700,3ced4f2a4e2546f0d7c309bd8f6305edee0dee8f,MATH-318,https://issues.apache.org/jira/browse/MATH-318
81,6e3ea6857dce8b7a586c3af555e21ba35a59ea54,7d903ca533833e5db8d2fe150f1e31b54ddda700,MATH-308,https://issues.apache.org/jira/browse/MATH-308
82,f36be8e8b7371fb8814456b6c095866aa802de78,4ece1884cc408e15c8f1db9010fec5cac43937b9,MATH-288,https://issues.apache.org/jira/browse/MATH-288
83,0878ad4bc8e4ac345a2c27449a0686b0877013d4,f36be8e8b7371fb8814456b6c095866aa802de78,MATH-286,https://issues.apache.org/jira/browse/MATH-286
84,6eeb2b31a0e4b9690666f26d148d0eafe1f662e7,317793eeff84dc9b260301adbe4aa8f5c79f703a,MATH-283,https://issues.apache.org/jira/browse/MATH-283
85,8de8a3b6fa5f4d7ea817f915d957ef309441762d,9be86f674f91fa3fe0a8694e7b98472dabe6886d,MATH-280,https://issues.apache.org/jira/browse/MATH-280
86,75f5c92aeb47e264c196a8c38a495adac89f493c,bd8f05c4dda4b5b00e525e08fd6c95d256423c97,MATH-274,https://issues.apache.org/jira/browse/MATH-274
87,d0c52c49b7efa5367b154443bba9910cb19e6419,75f5c92aeb47e264c196a8c38a495adac89f493c,MATH-273,https://issues.apache.org/jira/browse/MATH-273
88,1b48dbabe18ca22396bd737df73e241cfdf8c0c5,24a6a2692e942969f5c39bd88d3d12ac0f0bf0d9,MATH-272,https://issues.apache.org/jira/browse/MATH-272
89,0c84b28c3542f3340f7ec0dffc34c60dff66604e,62b3877f953dd47c4d301be35c77446e2cf55311,MATH-259,https://issues.apache.org/jira/browse/MATH-259
90,43336b08c6c27d55c1c6e8c1b6330cb44a29044e,0c84b28c3542f3340f7ec0dffc34c60dff66604e,MATH-259,https://issues.apache.org/jira/browse/MATH-259
91,9fb5d27fd15d856b136fbadd3d7bb7dfbd0ddf50,e1df5f5486f10ac521dfc3dc20d1bfe508e67aa8,MATH-252,https://issues.apache.org/jira/browse/MATH-252
92,63c7bc9d7cbee21a7f6acc5a9b85d1b8b0e3a205,85a8ab2dcfc26e83be1514acdb11d3feaac3e73d,MATH-241,https://issues.apache.org/jira/browse/MATH-241
93,3112f69e1d789e00fb21a1dde901b313547fed60,7cd3d822b65b7acdd1f6e1c82b291cd994f4fe05,MATH-240,https://issues.apache.org/jira/browse/MATH-240
94,ee88057ba86b543c4f678f8e28b1620c22b19f0f,a96e597894562c2cf01fc678f6c435d65ccc31c5,MATH-238,https://issues.apache.org/jira/browse/MATH-238
95,e640d1613751a99ae4c468c9567f21ea13b496fc,fbf87122e0f7229892b6dbbf2e211cc46acea008,MATH-227,https://issues.apache.org/jira/browse/MATH-227
96,704342d6280becc3be194a23dfda2e56c2a64aed,e6449cccdeaba96ffba4c27db322c5c3d5c18662,MATH-221,https://issues.apache.org/jira/browse/MATH-221
97,7cf0c980d5d814daf187502bc07da0542ed7a828,ed492bd0c5c5c3a0258a65cb31cc8723d8f011fd,MATH-204,https://issues.apache.org/jira/browse/MATH-204
98,26cf6d543deeb2e59564ba23568c83eda2b389bd,a0f3e0435c405ec842240413e2165863c9c76a16,MATH-209,https://issues.apache.org/jira/browse/MATH-209
99,924b6d76a2d44baf858c3aee46ab1439c9641959,58b5609fe8f99aabc990d885bf6c4d85631b7c79,MATH-243,https://issues.apache.org/jira/browse/MATH-243
100,0e9b00010655cffb2bd0443cca5706588bfc628d,876d133334e8dde309cc11f884c0dd4cc9ce530e,MATH-200,https://issues.apache.org/jira/browse/MATH-200
101,29b732ce0f974e2347b50477c401f0c503a8a981,32643d19538ad853a1280eb4060c4f15ac6dc3dd,MATH-198,https://issues.apache.org/jira/browse/MATH-198
102,f9b16a4ae42164d096dd21cc060c0802039ba15a,a1bac127067c912b4a9f7a2957c427853a36c730,MATH-175,https://issues.apache.org/jira/browse/MATH-175
103,b8058233e92ad635fe204f450235cad597cd70f2,4ce05bcd51ec956d789d20b59c743603d24a8ab7,MATH-167,https://issues.apache.org/jira/browse/MATH-167
104,c43fa5d5abc9a17a1bcc05831dfc42a5d0195bff,e39a7750ef362679599b623b05bfadb150832515,MATH-166,https://issues.apache.org/jira/browse/MATH-166
105,ab1b9500fd4b6898757e9c74dc2eeae692b25146,fc21b26f84312e4f75e8b144238618c73a8b091f,MATH-85,https://issues.apache.org/jira/browse/MATH-85
106,5de83dca70afabf12bd46bb9ab438753c14c7453,41ba9e00e3bbde990f6821f67f0da2a5575b9ac3,MATH-60,https://issues.apache.org/jira/browse/MATH-60
