d652d98bfb366cf365c85b5ef17ec45b61c62da2,src/main/java,src/test/java
a24f831008754c7679a0e8c75ee6f6a3355a0305,src/main/java,src/test/java
87324919a85189b3069575c9b871a2d66f74669f,src/main/java,src/test/java
20076333c860f5b95c450a74f42873a4f500779d,src/main/java,src/test/java
728b4e814ec88cab556533fa114be0efdde963be,src/main/java,src/test/java
004124ac5dbf5edbf925078652526267468821e7,src/main/java,src/test/java
9a871026a65bfe0a51f94b05e51f2edc75315680,src/main/java,src/test/java
9fbe205eff8aa6f9a7a6e302094b3715e61da777,src/main/java,src/test/java
84f836ebd1cf6cde9d42ba33397298f14693462c,src/main/java,src/test/java
04fa434aed4fa3bf973715f57785cd4ff76ca7f2,src/main/java,src/test/java
99696beab393fbaf96cf040c64b798c76e921cd9,src/main/java,src/test/java
f17ce4b5f31c548aea0ed92fe8d44721d68acc01,src/main/java,src/test/java
c3a8a1c58e4e249aa39dc1ccd0b9b7b49efe5e97,src/main/java,src/test/java
1cde8827c953a56b2fcabad676f8cf2ddd6ec182,src/main/java,src/test/java
d09177b98f4e956c1d366110f73c3341ea110bee,src/main/java,src/test/java
63aa078caa660f235efb28e17b618411057ad8e1,src/main/java,src/test/java
40e010931f91f4f2989fc5f892f990a8890808e1,src/main/java,src/test/java
603116e6fff5d8a3e625e0bc48cac64a9a795c11,src/main/java,src/test/java
f2674c4ce113c632f7477dfd3deb814ec7ccc256,src/main/java,src/test/java
3126e37959ab98759c5c6e6dca52e6afe857325b,src/main/java,src/test/java
cf64557bb2e1db1c46158a28a0010f279708e3d6,src/main/java,src/test/java
c547b85b9a9e77ba9857722231cb67a3d9686e9e,src/main/java,src/test/java
7314c603341b0f237b3d6dae833902c6bc74a9c7,src/main/java,src/test/java
c04eecc5c1525f720d887c245c9405c6b00c1ce8,src/main/java,src/test/java
7155281684b0f21199c80d384e15ce3633e2008d,src/main/java,src/test/java
865686ae662ea480b62cf42ddee81feaab741423,src/main/java,src/test/java
3608991616066c9c6dab1d19ca5591dc41a1360a,src/main/java,src/test/java
6dfdfb5ddb465252644c6f80e6b13abfd211ef29,src/main/java,src/test/java
ddbd61f0e75b7d98873b9a9bf6398218edcfd17b,src/main/java,src/test/java
d170f34fa65e19b604f5a9e04e6ed5f81d35658c,src/main/java,src/test/java
6273f3a6b804aa845747c8859d659373b14199e1,src/main/java,src/test/java
ce5fdc14713f1d0fe81b4ab6aeae09e788f044e0,src/main/java,src/test/java
1c3003b74e86d716d9be3cb7363d9ba25889f10d,src/main/java,src/test/java
c69371b0d871acc69dba91e557ebccdfd6a28e29,src/main/java,src/test/java
4c9360efa899ec94c7df4bb622e5a99b68f18967,src/main/java,src/test/java
13b90aef6c0264b451333198911c69ae8c7f37e1,src/main/java,src/test/java
f84dd362bbf15c19cb5f3a3b4563951ba529f585,src/main/java,src/test/java
3bb9282d8876aff48148c25ec63536d352f775bf,src/main/java,src/test/java
2f652b78a137020972866434625982055d80fe6f,src/main/java,src/test/java
b4f8b1000905ce9ac08d862bb7d8891bd414df3e,src/main/java,src/test/java
9d87dbb05f83ee16f5523c5d3d56be869c42cfb9,src/main/java,src/test/java
082cc41543c5f905f8d4314f777645cb1a4645f7,src/main/java,src/test/java
61bf5918acac5109b5a496ece2b8aeaaa9e44615,src/main/java,src/test/java
5e892849b982bd6912164b003da7a90554d48f61,src/main/java,src/test/java
dcd81ecc70395aef882e71d7b435bcebdff7d3d9,src/main/java,src/test/java
2318ba308b4d36c493330c9286a86878bc24af55,src/main/java,src/test/java
3e2ddad124ea6ab1bc690487793bf88560ca3732,src/main/java,src/test/java
7bb5d8862665e0cc60cee52d2b48ebbd7fca61fd,src/main/java,src/test/java
c520d00b707fe6ecf4f3d7d062af09ffea6812e8,src/main/java,src/test/java
dc3fc4703211876fb38cccf55adc92ee5cbc28d0,src/main/java,src/test/java
41aa509d836dcdd316a40e68680cc54e0f6c1e04,src/main/java,src/test/java
5066e9aeb98f386b29a31cd4acb97aa43844cd30,src/main/java,src/test/java
7be979633a4ab427d820c591a1cb940c2721ba1a,src/main/java,src/test/java
d6736743a4c34af92771bcd8306002b99b553fce,src/main/java,src/test/java
cc84bf40e14ef857c1abe69a34cd4dcb31d4a9bc,src/main/java,src/test/java
5b3d609df16bddf6b0ce85532214ca32b5676bfa,src/main/java,src/test/java
25b5956702a2d63da57ab2be32c47fff22391ddd,src/main/java,src/test/java
124f97c18eb3fc29fd4e03c982905cadac1feb0b,src/main/java,src/test/java
2e3acfa74073a601e3f6ed7bf5ff201a9d843346,src/main/java,src/test/java
a9af6c073a87c1b94717242256b007f572cfff96,src/main/java,src/test/java
ae0f984b0d20a9e1d9baff43e2cbeb73d1a767d4,src/main/java,src/test/java
bebc6eddeddb8bd40c1299fa6e468b56edd997fc,src/main/java,src/test/java
91695e47a11e0ca7eb09555ea5c06f711d117036,src/main/java,src/test/java
3c5ab4f7ae6827a90a5c72a1befe92d57436f189,src/main/java,src/test/java
14684241489dbe1b607aafd3423ebaf34be377b1,src/main/java,src/test/java
b11dca2f006da939879c9729a8af09f8519df007,src/main/java,src/test/java
57cb8c89cf8a8ae285cd03ad2397bbb137006c86,src/main/java,src/test/java
315b947350def29078dde98703cb9bdd6734b3a5,src/main/java,src/test/java
2dca66105a3ec80f99a48ed8c43e3988cc86e84e,src/main/java,src/test/java
a1015f312480c697c8dbc2772e4076eb15e41406,src/main/java,src/test/java
23e7ed842d1182d1424fc75335bd57115a084f6e,src/main/java,src/test/java
98e8e5addf8369cc92d1ceda1113009316d86c11,src/main/java,src/test/java
6021ccbca53627d09fc34b889dc4f0dcb3248887,src/main/java,src/test/java
9b4b47796e8e2308ae8dcd9a1b030a3280092093,src/main/java,src/test/java
1bf8e32680d0f81a016d4c6d7181ad23d5a9bf04,src/main/java,src/test/java
33cd35e5d60f03e191ce74f85523b099a3c1944c,src/main/java,src/test/java
8fcd06e4148cf1b77b1136864b37f62be0a443ff,src/main/java,src/test/java
5b85bf1c570c545365d1a7690c2faf6a33dbc4cd,src/main/java,src/test/java
1e4034bf41b21852d674e1cc0b845df1feda793f,src/main/java,src/test/java
45fa6e0ea7fd8618a71e6ef981cdf9d9ac637143,src/main/java,src/test/java
2419bb55d2683142443626482c85d6086ae3bf72,src/main/java,src/test/java
2d858d5c7cc30313c9c3c8ef4a5e8d34d67a395e,src/main/java,src/test/java
d7398f46ccd552eb315d94bf652cc264ea21799a,src/main/java,src/test/java
35e4e4fb6848ddfa3878270523f3f9336ae7f9b8,src/main/java,src/test/java
e516256c2f5db4675679cebb75ede8338ea54244,src/main/java,src/test/java
424e14fa9ad551fbd393dc7dd4e503d7c4542390,src/main/java,src/test/java
b9d85dcebed498fe7a1120afdcfff06ed5204039,src/main/java,src/test/java
513545c671ab403bf1c59a21926d8fa9a0b9e972,src/main/java,src/test/java
80c0d2c08c851350d46c21ebafbbf9d9f5ad67b8,src/main/java,src/test/java
1eb9dbb7fd336b1e8a160977722b570354040798,src/main/java,src/test/java
ec0db741b7e53d6fbe3887f8720f76a625d2277f,src/main/java,src/test/java
fdac1475918e93444b08a024d096b4ec39d6733d,src/main/java,src/test/java
a6072ce36e786677fed5f703b13afb0900f4f9d3,src/main/java,src/test/java
ccc7441a3a7a6d216770cc00dc0fa0b7146bd7f5,src/main/java,src/test/java
32170076e2aef1cfd3f6d25aa55be502045a5976,src/main/java,src/test/java
20fd83a914183fdfa63aa21ff4a025802c0a3cc1,src/main/java,src/test/java
fa886ac30884da4808368cf5a7fc98adce77f614,src/main/java,src/test/java
30c859c12eb01639d64dfc813187c81b7cba4f05,src/main/java,src/test/java
e244ef5e6fc7745099d13dea1a234d35c6d73268,src/main/java,src/test/java
6a2166bfd1662f95e2e921aa12448901f4f74ea3,src/main/java,src/test/java
6846564d8345aba5d64ce943656a60ccf3635978,src/main/java,src/test/java
38f0ca92e38f214d346b7c363d12e42b4e01d0d0,src/main/java,src/test/java
8cece7223349341d5ab44234d1f62897cb849511,src/main/java,src/test/java
347660646cfad588481c13058842d49fa3779f84,src/main/java,src/test/java
5dad11262d3331060cdb5fe1081079bdb5696f3f,src/main/java,src/test/java
c4704beb32d23eaeeff9147055aadc6fbc38c5a4,src/main/java,src/test/java
5c136a3f9089fd8b787258462b40cb057195b5d6,src/main/java,src/test/java
f90c1cba8cd5cec5613df93758674ed0066e83e6,src/main/java,src/test/java
00cc49e76b4cb5837f91bdcae2b3dff6a2809f2a,src/main/java,src/test/java
a933173f486614073b68b6c0a6ef09a9c72c94fc,src/main/java,src/test/java
a6b146b8be8ae44b9bc6767c35445f9d8e35cd4e,src/main/java,src/test/java
7ee6b67c1983aa06e4585eb76fab0d7441fe0a3d,src/main/java,src/test/java
16dc21b6733605571e762e8b5ecae8d960170a97,src/main/java,src/test/java
915e8ef9a42c4fc2561917116620543402cace91,src/main/java,src/test/java
b23b5c8533846374a22b417f7d66c7cb8ceb8962,src/main/java,src/test/java
bc84d2083e4b1da77547bb4e810a06553e8f0bed,src/main/java,src/test/java
432543da69b1667e5d92186551b50b7ab9ec1307,src/main/java,src/test/java
576bd034787ca2f7367127432e4b53737d6e690f,src/main/java,src/test/java
c75c10faae27781aeb51713f42153cad1fd242a4,src/main/java,src/test/java
d39ba76c50f65698213787901ec8dffbda77e43a,src/main/java,src/test/java
40f2e6380094ebfdc73e4adaf4059b80e1327aad,src/main/java,src/test/java
32619a8f4b14a633fcaed2c8a848d73cc726ad2e,src/main/java,src/test/java
c2bc7a49a03dbee6ccebc91e6c2ea9bb5048c617,src/main/java,src/test/java
bcc42c53455cf1f9bc05d0c1c7f06b3264bb728f,src/main/java,src/test/java
2a36651fbdd822b97efdb1a04788b8fcbfa47cf2,src/main/java,src/test/java
f331a7d122ea31e844b16e37ff1711b633aa6214,src/main/java,src/test/java
306b3d6b551b2fc6a3c9729117d47f7d7dea9e89,src/main/java,src/test/java
4becc32881aa983d69359b475892a4f2bc6e5b89,src/main/java,src/test/java
aa8365f5b5bc871f1c8ad95412e68ee09ea44af2,src/main/java,src/test/java
811fb4e1f7cb0b87d9af62cc892ac06a413eb560,src/main/java,src/test/java
9bdacbfb9631d3a3710a64f35482c643b78a2e79,src/main/java,src/test/java
db6dda34281d95d495ff4c935b65cf84310bf6be,src/main/java,src/test/java
ab456436d20f386641e605c17de24cc8cd3c1770,src/main/java,src/test/java
59dfc7c478f627632966447edc7b145837ac138c,src/main/java,src/test/java
05292cca5d0c5d284c883676c2730f1c31945b25,src/main/java,src/test/java
f5cfff28c57e4ed9b3f26963692bf8cacd246c1b,src/main/java,src/test/java
73603cd69e14790d4668dcbff0f50e4a7f333797,src/main/java,src/test/java
0e1bea15caaee81e489dceeb7b863ab2e1bf9275,src/main/java,src/test/java
e185dad52556591d61c8ddf88caafeff10e707fc,src/main/java,src/test/java
e9d7bcf5f2284f2aa326a3d2ea1807c465b0de8b,src/main/java,src/test/java
37378a764b0c5632dbba0c61a4818a24d2004bcd,src/main/java,src/test/java
716666a267169689e3b4559458c1f0d53a96ae0a,src/main/java,src/test/java
09b8f6d78e18b927491fc299973146fa74fd977f,src/main/java,src/test/java
e4f645c89fc53128f3e4b35ec208d90cb6eca015,src/main/java,src/test/java
e2cf412a7856a7a9f314c3927df2f5a04f42177d,src/main/java,src/test/java
c0a9923f613225b9a4bd7d4a92401ba78f536ea1,src/main/java,src/test/java
65837142a3cd20a9253dba4d21e547866dc1224b,src/main/java,src/test/java
ec0f5850f8342c0b1eecb20eca7286a9a4a362e1,src/main/java,src/test/java
f4044dd0d86684959764783583f24f2b8baf44b0,src/main/java,src/test/java
21148e7b5bc4cf6d0c38dc80bed5d7eb709897e1,src/main/java,src/test/java
4497c3cba901cedc1c201a04aaeda4555d0e46ae,src/main/java,src/test/java
0eeef09f40b71d5e9db8f3db515b1fb965ee8450,src/main/java,src/test/java
79a7d826698725fb919af08aa3d99fb52c7fe816,src/main/java,src/test/java
291e52bfca307fa0ec4b0ccc7358fc5a87d219df,src/main/java,src/test/java
bb74f0c4cd5febd41fd6ab74f978a6219dc33f64,src/main/java,src/test/java
b8690f9450ca6481408756f4467362bb2f12de25,src/main/java,src/test/java
853576ac9726abb3a43544a7b71eeab4bbe29758,src/main/java,src/test/java
367c1ff0c03c166099014c573b7882fcf8738f0d,src/main/java,src/test/java
d9b559615109e94e6e7cad91e4f6dfa891f51e82,src/main/java,src/test/java
340a3442abb37a188a005f01f9c37e525698cbac,src/main/java,src/test/java
60f4ac24f9d03ff26789002138bb71f227e1526b,src/main/java,src/test/java
8ea84ed141308e82d6a6e3e1bb5cee2191257194,src/main/java,src/test/java
62200b4185c983df55d2d09a70223097df1db33f,src/main/java,src/test/java
01c3fe92a44d898b39c285168095d26dbe5d450b,src/main/java,src/test/java
e7587c19b29db21a2cad65ff2ce7b07d88f41f03,src/main/java,src/test/java
d4baeb15bae488bb7cf534457a9ef65922cb3564,src/main/java,src/test/java
bf6bea1b6c8509d61938a684a8d16d00a37e348a,src/main/java,src/test/java
1a237bddc94187290b58a74ac9f8b98bd4e5b13c,src/main/java,src/test/java
054886747f5a2fb64e4f03473e2de4e49e75f82f,src/main/java,src/test/java
6a12f48750b8e4ce35d741150d3553e761039f1b,src/main/java,src/test/java
f62cf85eecf7ce4f3ebc595e00cef36e93f85fdf,src/main/java,src/test/java
ed534048b12afcffd45a53f7b0945f49d929a29a,src/main/java,src/test/java
e860d2f3eb16d84e146a8a700d9dbd3af01df4ba,src/main/java,src/test/java
7b117a459629338668b5f67cef99729606523c6f,src/main/java,src/test/java
601e4d7dbf966bc861f15c6dd657cb68772df08e,src/main/java,src/test/java
29d9a8b1e5266a3fc645b1cb9ea4617abbb09c82,src/main/java,src/test/java
a33995a2f3d38135cff872b9a97d9348e4e80403,src/main/java,src/test/java
5127ee6b5830003c90f56d60bc67068e09c40f6d,src/main/java,src/test/java
a671a703fe86b69adb8c61495a915065c186362d,src/main/java,src/test/java
040e42d0f0bebc15ca80cb80fb6db53804b2e082,src/main/java,src/test/java
2ba220330c8cc3def7b5c354b581866eec5cbe2c,src/main/java,src/test/java
3f9fb61f14f12464f36a52642af52b761ea959be,src/main/java,src/test/java
5972cab660f9f3600ecff59dc94b02a08b0ef1f9,src/main/java,src/test/java
90b73bf96a9a09ea633cc42eb17cab60c885d8c6,src/main/java,src/test/java
3685eeae9077221b27c617f9e8eb9836cfbb39d1,src/main/java,src/test/java
f3d34aa6202c75bfac354fe5befe1e5ab5c7d8d8,src/main/java,src/test/java
fcec064a6c0a01eb97e2febeca4955881973bd33,src/main/java,src/test/java
eb9318d8fda86d26eb3c6cbcd691f6820abf972b,src/main/java,src/test/java
6a59b3512b20243bb3353a14f8cb46d385d3c8a2,src/main/java,src/test/java
46600216975867189da464a18c901674f085184a,src/main/java,src/test/java
161781f3b19f9596636eb25a40034d616baa5a67,src/main/java,src/test/java
db0ea954f28050662eee8c2b120499cc1849df5f,src/main/java,src/test/java
74abef2129e28520c1cfffbfd90969da22e577b5,src/main/java,src/test/java
2221ee87b406cf1781f0a4f18914812db2256b01,src/main/java,src/test/java
b0cd9d4873f972ce3784cb907611dd69aa61e9bd,src/main/java,src/test/java
92c852726fe627cf499c8cf075e03f9c588ecb10,src/main/java,src/test/java
afce414fb9351fba7e68dc5e77e2e144c3c59722,src/main/java,src/test/java
5c2d32b322fa797cf428b35c4c5998173d6403d5,src/main/java,src/test/java
8caf1f7769d13b756e2c9b832e0368470c3a8260,src/main/java,src/test/java
054ac9e5e8fad0b8aec057e496f6ce8703f86778,src/main/java,src/test/java
0d8f244bdae865edabf62d0f174b1a1a3739fa06,src/main/java,src/test/java
96947344cf1d61624c15ae43429da38abb935e39,src/main/java,src/test/java
57b38e76fe803774061bc3fd529fb6fa853517e8,src/main/java,src/test/java
692e7ee9948375f1f4a52b599e40c22960b7488e,src/main/java,src/test/java
4a4ba6bfdadc792c59a67935b6c4fe6ee8bfd325,src/main/java,src/test/java
ad634c0c24e883ec4ba509122df4679c2245e37b,src/main/java,src/test/java
71e4eeadcfc5eb390eca1142fc1f6ee5b1b4d5c1,src/main/java,src/test/java
cbb5a1ad9b0b80f717ee71dc0fc765afdc1601c0,src/main/java,src/test/java
07b15a15038f69612d2bba75f750814cbfbe0a08,src/main/java,src/test/java
c2376685ed5cb56833327cb5f54e5f803a8e8fa9,src/main/java,src/test/java
8da377299d085b4ce1f15dbc0732232ea32e601d,src/main/java,src/test/java
bc741b19e88749d66b03bf8dc292f3ae0fc74156,src/main/java,src/test/java
aed56110ff582b96aecf7675a9cfe5247ffa3e7d,src/main/java,src/test/java
8e95f5d77ffbbbccc2c044b9d315478e8dd09b33,src/main/java,src/test/java
c608c3309b99ec69bfcdd6aaa1ad32851d09e94d,src/main/java,src/test/java
248fd0ca9fbef55f559d375dcf0d1b0457cbf024,src/main/java,src/test/java
3a1451bddfdd74cfbc6f9c184a51a32696cec2a2,src/main/java,src/test/java
a99d1e3decf289a998effa4fb976d83555c47d94,src/main/java,src/test/java
978af62a2d8b1b5d8543416f8ec59bd3dc30e350,src/main/java,src/test/java
bf53dc8be9cfde23e23e3672073e1512ea00eda7,src/main/java,src/test/java
5048d93858a3a7d976ace35f83868215ce5dfe2c,src/main/java,src/test/java
61792c921e2b39c46a78f720af9ec45351e4ca4e,src/main/java,src/test/java
c1ae99e7dd9f1a2ad0623202ea179b1ae8f8d8da,src/main/java,src/test/java
7be83c02122feac8eb6de64c05d63342fa5eea03,src/main/java,src/test/java
627e1bb7f58c3ba2afb2f36574cbac65ff9f5654,src/main/java,src/test/java
d4d21480cd6ddc1c8b87dbfe8b630abc8afe6dbf,src/main/java,src/test/java
c5f9ceb3cb7a5822012fe33ecfc2d561f63697f8,src/main/java,src/test/java
8af0b6c133fe7d147833b70e731c99d179dc8db9,src/main/java,src/test/java
557800a53cedad99afc951032a11931f3e39bf13,src/main/java,src/test/java
0508270c67e412b6b5026b25254062ce3d6c2dc7,src/main/java,src/test/java
aa0c705ed4680055eb1ffedaafbc6a53b8f862aa,src/main/java,src/test/java
a1379c0992a46bb48a4a05ad6979cd04c4474984,src/main/java,src/test/java
8e5f665d8f3ee23a1804a90d415af530e0ba5095,src/main/java,src/test/java
551db609ccdb4f9f6e76d33afd8816bfc9090fc5,src/main/java,src/test/java
2d3e01686f6dea1d5e5a5a280a32d00ab7e80a1d,src/main/java,src/test/java
5ab06da27113785edd51ee465f5b8015c21f2cd9,src/main/java,src/test/java
383d90399e3e2284bca4836197eb92b126095479,src/main/java,src/test/java
1ea7e01eb6776071eddf60f7783d650ec7d60e74,src/main/java,src/test/java
ddb5fd6d8e4d5fa9f7fa659c93fb6eb04f238689,src/main/java,src/test/java
b32018ec1d6c4465063515a2b320b4283e64cd71,src/main/java,src/test/java
58571621b5ea1b397ec6ab09633b80ddb44e8462,src/main/java,src/test/java
ec5eebfdc57065fdeaa645a2d223211acee13fb5,src/main/java,src/test/java
03bf7ea43171c458d0ffbf3898224245f1fce122,src/main/java,src/test/java
3547741ac1f953e94b147ecec009a7460369c190,src/main/java,src/test/java
39572d112146afbd56cc393cb7bd18ae4aaab210,src/main/java,src/test/java
9c026324e5227ba78de3c0220272bb8dfb81e061,src/main/java,src/test/java
6fb4fbcc3f8e3d749699f4cecc0bdb74487c93fc,src/main/java,src/test/java
7e6c7136cf0165f107daf8f9f1818c7d9c9fcc27,src/main/java,src/test/java
2269d065ed0ce32a376d2959cd95664688084879,src/main/java,src/test/java
f86a4986c5fce374da74664cd8542f7e059d119c,src/main/java,src/test/java
50cd7550e2b6634c42b93a4c321aae900a672db0,src/main/java,src/test/java
dd71368488dd8e0fb0bf8f7aabd4f702502d5615,src/main/java,src/test/java
99dfe90a5050eff8bafe9da90f07f0583c2fbb70,src/main/java,src/test/java
23d15f6cc39e71b31058272849c961fcca6adfe1,src/main/java,src/test/java
e214adb4b9164910d62614dbd7b3043cb0cc3467,src/main/java,src/test/java
56c83a5dd4284f9150e4959a5e266215a292ba28,src/main/java,src/test/java
646e03cbab5d0af719efbb22dcf0ee037aa531cc,src/main/java,src/test/java
f7070b2c01020438d4a7712ae304b53ced16febc,src/main/java,src/test/java
f2c9f9632c5888acfc2b4d1905fee78d06a1a231,src/main/java,src/test/java
915fdd3fcb55f81fbb4f63f9f9752c329488c524,src/main/java,src/test/java
8e7d71fce1aed00ffdfea85629fdf0d5da0b1186,src/main/java,src/test/java
121cae778dcb63a4ca4f1ee2743e58bffcbfe4be,src/main/java,src/test/java
d6144b9486c36b20557f859f968e58e52ff4eef7,src/main/java,src/test/java
0b33b14271675a78b8bc2e538089af2ecde7d2a0,src/main/java,src/test/java
66338dd9c4bf1e76be830749d9bc93c7be35cb2a,src/main/java,src/test/java
d50feb67569fb5881b8a2ff5996f656c5f207c2e,src/main/java,src/test/java
0bbe5b59af443da2c3101cb9259e7ad68152dd13,src/main/java,src/test/java
5cf68bdc46c7bcc0fc5eb3cacd1c84514ef552cf,src/main/java,src/test/java
4355c0d224342b5c94881b7aabb441f765867dfe,src/main/java,src/test/java
f8bf45444c49053a92f6f560c5008d5ac43aa27f,src/main/java,src/test/java
af1f8163af8b52bc28a18109858744967935d828,src/main/java,src/test/java
c12c48ce91c6b5cceb61043a914d0b438b7a6900,src/main/java,src/test/java
31b546aecd87725c8a1274d1485cee89bdddfdce,src/main/java,src/test/java
24002bfccf7c7ddcd5ed53108deab0c49ba1930b,src/main/java,src/test/java
24a3100e9897837b513a0d9f2ae26fd02ec91246,src/main/java,src/test/java
3c4a09bf28e7cd600b919b8c799fbbfd19a94c0b,src/main/java,src/test/java
9b3e389fc692513cc701b886a9dcdab6ebf32453,src/main/java,src/test/java
b72b5c716ac18150396d05988d9eab745bea02b9,src/main/java,src/test/java
8271475f973945e776ca91142349b8618c6f619e,src/main/java,src/test/java
8682c8d4f2281f838765a213d0241366255c99a0,src/main/java,src/test/java
171c3ac8d32ed884392b057800e691a621585d2a,src/main/java,src/test/java
f25588258e520cbf1d388d3d9b48a4942d3d7c28,src/main/java,src/test/java
9e1ac89660190ec4d895855655891ad16d790fc4,src/main/java,src/test/java
dec258f502a92ce230567cb6271ac6f0cc9de8be,src/main/java,src/test/java
1dcab3f854e6fffa16c842b8a10a6fa2163795ea,src/main/java,src/test/java
e6e24766377e705e89358fb9cf6253e2e9e645db,src/main/java,src/test/java
d85561d9017d4fb0d4fa0a75ca97d617aaae549b,src/main/java,src/test/java
1930eed89459d1ea726762e362143a5aa2ccaeb4,src/main/java,src/test/java
8436ceea346361c8fe0559456a07befbeddd5503,src/main/java,src/test/java
1e592b52c54ff3186b5d11fe64021ab758db7234,src/main/java,src/test/java
a2cda30be14b3da01cbbbedc41b70daf6d88da8b,src/main/java,src/test/java
61db5ea79b6bb932c09b89812772eec67c05956a,src/main/java,src/test/java
30f1ac1dcf7c333bbf5f2aa77e143f001216130c,src/main/java,src/test/java
7a6e507dcd5788e3c41e6c249f505283c9f4adf0,src/main/java,src/test/java
1fb42987de0d21c9b6777272320b64230eadb277,src/main/java,src/test/java
9b852f382500ba4edc778edd2bbb0d54563d4307,src/main/java,src/test/java
51eb0f22b20b94fc635ecc64cdcb5f72e0ed0186,src/main/java,src/test/java
36335e3face4b866c7bb88b39fa8a99959d0a907,src/main/java,src/test/java
b4805bb1f3ed74ff260e73f571195102f435f55d,src/main/java,src/test/java
9431b16c58a3fbb320cf13af80cb36430f2aea79,src/main/java,src/test/java
7250daa429020181bb5a4c40d1aaa169631b8496,src/main/java,src/test/java
32633c39ffe7aa2ba24899877c7425803b10444d,src/main/java,src/test/java
c02b2d50ebc6609518841321bdc8edad80e2ef87,src/main/java,src/test/java
a2ba6d54852aceda5e3bf9285730da743ef04e77,src/main/java,src/test/java
4ae26e42e48c5461a2982dc09be3e958951a8c1d,src/main/java,src/test/java
73ec9c125fc4cafada4434b02d603d41e092b675,src/main/java,src/test/java
6e9acfa668f1a10bc8cb9a3542531f8ae3e043ff,src/main/java,src/test/java
f9334473bd9993f38458ecee137ba9e7f7b79abb,src/main/java,src/test/java
9ff8334ff25822f70a8313e14c8499891dc47688,src/main/java,src/test/java
a5eca568368b287f875149133a7ff6029b07aad8,src/main/java,src/test/java
2cc332cc20f1d988ce6b986ba63e6685709e9ecd,src/main/java,src/test/java
ddb8f08c79b8568c9cba3af61fb5a613e0ccba22,src/main/java,src/test/java
ff5158b1662ad5a67ae6041afc89c5fbfd5ddb1a,src/main/java,src/test/java
d0501577d37b594c3ff59a39ac211f7a1b170fa7,src/main/java,src/test/java
318de9ae84f1731fda8ce0785ae537f149ea5fcf,src/main/java,src/test/java
a1d6b33f5f6c21f8f74a70edc3b05af42515e734,src/main/java,src/test/java
2d5d2d71d67d358154e0f63d554da41ef2262be0,src/main/java,src/test/java
ed12d59522a0a1db296584668fe76576b42f23b8,src/main/java,src/test/java
59e7352a4a44087ec34ad94d0842619b1be8dd43,src/main/java,src/test/java
d04e2a7efac9968cd800686a5aba883f61ffd6c2,src/main/java,src/test/java
3083ea535f6d76c93825d7a7bd1dbea227f447a5,src/main/java,src/test/java
f59dd65ca1858641dc8fff4a5d28d23a0eb86de8,src/main/java,src/test/java
14b3d1ad8c5efc1f21c94e6d0f72635c374b2bb6,src/main/java,src/test/java
19a620c904587dc0397b43bfe9071ff60033c097,src/main/java,src/test/java
823cdee9b18508e9e51913d110a20a406f55582b,src/main/java,src/test/java
18daf66b2ccf4c7df9618c9a7067ab56bfa96593,src/main/java,src/test/java
952a50372dea32e78800b5127ce3e969ce8ba5f0,src/main/java,src/test/java
593339ab62ce5db71fd42501a9ddea9fe698b9ca,src/main/java,src/test/java
11840dfde044fec90b0cb4a715ce9d213acea3ca,src/main/java,src/test/java
048b701a9e56755100a17bad712934c1003bbb25,src/main/java,src/test/java
b5071c2f8bcaa96cc9efb0214b2896cc26996ca9,src/main/java,src/test/java
1dc330f53dcec9661621ec2ff58abf50b7cd08b9,src/main/java,src/test/java
8769bb6980ea9d46f8fbec1fa1075128d6f61936,src/main/java,src/test/java
e9d6221823e2e0d731a11a8a8931db2e83ca6e5c,src/main/java,src/test/java
f87a7ce9321b4901a77786387cfe8026f1249721,src/main/java,src/test/java
abc2d23900ff5adeef648879af6bc4d2f79c261e,src/main/java,src/test/java
2424036c286f0b3dfc280f00a1e835cb52e39375,src/main/java,src/test/java
9e6f0b398f6f3d4511900fdba1a87a3a52d9afb0,src/main/java,src/test/java
6c8345bff9b68598903a05f702ec15e969478cb9,src/main/java,src/test/java
f8e09945ea6bd6e59c41f44f0db2afef817a4df2,src/main/java,src/test/java
f5a98515ef3b0b5a1318fb6c89cd57177e1e40a4,src/main/java,src/test/java
32c30f6f072ccfea6ead90f8eef0c205d88d00d3,src/main/java,src/test/java
52dd5908e374973d69c51856b74d4d93d591c90a,src/main/java,src/test/java
7ee18aa0cc99a429e6ff9e3fe4b5e73f91b99776,src/main/java,src/test/java
f0102601d2b949ab63f9f3e6d20618a0b53323ee,src/main/java,src/test/java
658812c85fe762e361c998161cfb61bd477e1b24,src/main/java,src/test/java
9e32a2ce77b9cc28e1e34dd5efeb9de48f5bc006,src/main/java,src/test/java
e0c83d24ed5a59911b0ee59a72104410b91a7c0d,src/main/java,src/test/java
f015344879f1bc3505bc616fc7ae517cf9f60838,src/main/java,src/test/java
726ba6f0f3af7f827d31627088a5e73c93be6aca,src/main/java,src/test/java
ce6c33a2bb74d3faa76fce1c816dda24cee495fb,src/main/java,src/test/java
85184c3a8945ee1cd22a3fa3a9b8cb71346f2d73,src/main/java,src/test/java
0e831a16d73b0c9acaedd5e69b9e9917e3a6231e,src/main/java,src/test/java
9ae37525134089dd0c9ee1cf8738192b70e0fc07,src/main/java,src/test/java
d9421dc3c843177ba7d59ea47319997cfdecc697,src/main/java,src/test/java
e4658ae28cf7204af2ddfa0abfc8f03c2026ba59,src/main/java,src/test/java
6ac58a5915cb471ae58c13cf667ad81f574dde34,src/main/java,src/test/java
4282bc34d6b64fee1a9f4f55fb14fc6d3fd89521,src/main/java,src/test/java
2139e87447c825bfd8c7e728cbfab542d1bb6fea,src/main/java,src/test/java
5a5abeeb1bdf4bf7a1930af97d500927caeb39d7,src/main/java,src/test/java
a1f969a4053e1ff69cbbadefd3fde0f998f21808,src/main/java,src/test/java
00fcf54625b83ad1499857690157a71f03175673,src/main/java,src/test/java
75ba40cd9236761b4b3e49013eb38f754b4e539b,src/main/java,src/test/java
c59fc43c527610ae18d7596eb191817ce674cb29,src/main/java,src/test/java
742a3bfbb76f6f84140d684de92e9495475517e6,src/main/java,src/test/java
08113862c5dda6dfb0562d84db8db8f5f41bfa4a,src/main/java,src/test/java
70594bcaff1d553cbd35312bb63a33bcba0680d3,src/main/java,src/test/java
3ecbdd79ee964d325b7ce8a1ca982935cc7d92f7,src/main/java,src/test/java
7d73baf10e435fcaa4927495afc185fb473c416b,src/main/java,src/test/java
b10528a62e51b2c5fdc0c4b7884cc93f03f8ce96,src/main/java,src/test/java
0e8ff9c44058afbca9c9126a8feebe41cd682626,src/main/java,src/test/java
26eab98e3a0d403587cc915eaa8f7d4b7b894cef,src/main/java,src/test/java
4e442bb44280243f6e0e72d845fa8275d665ca84,src/main/java,src/test/java
08f0aba102d494c0b26a9f8c53ca26b792295b23,src/main/java,src/test/java
5def510d00f73b25db8ce44303df49050f99dfbc,src/main/java,src/test/java
0ee8f1e8ab53746ea9f735aa07e857a0c4e55656,src/main/java,src/test/java
508be17bbc9079769ea99b780db9abcb4655399c,src/main/java,src/test/java
6dc03d613c3620b78f544fa4a7c349b16b190354,src/main/java,src/test/java
092bcac5be680480860dbddae4217347b8b14fab,src/main/java,src/test/java
abfdf35fa5df95853d0f1f9fe0c60f4a1ae8fdee,src/main/java,src/test/java
469752132b291f3174af9679a5eb858aa7c1a04f,src/main/java,src/test/java
8a6bb5623e92f3d636969488a04a516cd0ae7f36,src/main/java,src/test/java
b1dcd19c2f87a57e4c4b96aebeb4a226f10af636,src/main/java,src/test/java
12edac73ec454bfbdd634af474e140cca7522774,src/main/java,src/test/java
d75b89856ef29bbec6784cd6aa714eafe0eeb312,src/main/java,src/test/java
6917adc1f9cf7dd4772d866b31e2d9a956fe5255,src/main/java,src/test/java
223b5d9f7533d769d228ee3417d5f44f411c8b6f,src/main/java,src/test/java
304b164c9a0b26dd7f6b34a68942715e172bacbf,src/main/java,src/test/java
0d8ab18c86f4edb38a73de1512483bb5b876bb1f,src/main/java,src/test/java
b53ead4b43c6c248b1a39f4a1cce7a0c4062285d,src/main/java,src/test/java
6f379134ae1807cd404ed6c9579707e5dc6a6df0,src/main/java,src/test/java
8c3201bbd8f10d5162443aa617a7711219f55d46,src/main/java,src/test/java
6b2bd2df127be522a18d044980e84a8b638f25b7,src/main/java,src/test/java
2c8892a206c9374b0cde6fce72299b0fe630f3a0,src/main/java,src/test/java
137aa57f9291b5f390de740266042587cfede7ce,src/main/java,src/test/java
02735ad7e6313515a846bc15bcc89cf254f8161f,src/main/java,src/test/java
4be9979b45ceadc50dc24607884d34613fead1f5,src/main/java,src/test/java
55ef5769b0e1da0e35c41a954cae601244e87d69,src/main/java,src/test/java
446843e14a7be6d921bd0076d65092829bed3216,src/main/java,src/test/java
5481dd326025de2da7d89089cb969759972e7a8c,src/main/java,src/test/java
992911d0fcd230497ee3fc50dcf49042b7372a47,src/main/java,src/test/java
d0595b7121f57f1f49fe7fdc384479dd73ad64f5,src/main/java,src/test/java
cd1d329dba95dae161317c123269c24282001a66,src/main/java,src/test/java
8251cd68f4db4bd56d88646e10d34ef4a1fdf90f,src/main/java,src/test/java
2ed2771ca993f24ec6a9511f870d1612a58cfcf7,src/main/java,src/test/java
9052f4df8d3fe61632dbb4f48a257954d2eade81,src/main/java,src/test/java
283f1bceb87883ba6c965750e9880ce3d67af089,src/main/java,src/test/java
6081e2630a3c6aa4a0ec52156079ddc2a7254cd8,src/main/java,src/test/java
002d7bf508ee59f23a04a9f21d02e9673dd38a71,src/main/java,src/test/java
d64f164b59721f05fa36df04b5d2af89b7af36a9,src/main/java,src/test/java
52cb7925a00115867b6ef2d19c9dd9397d2a1e58,src/main/java,src/test/java
8e8de29c2b6a8f387a1a72eaaab433d9041ee26e,src/main/java,src/test/java
445f1951e81354b81425e75971badd389fa6ddc7,src/main/java,src/test/java
317ea114c1360c4602f14970b9a3c19dcfee2997,src/main/java,src/test/java
1c016cb02a82f0372e43571e72cf52de76696ae6,src/main/java,src/test/java
469cf4d886f9a184168ba2d179899a600725d4c4,src/main/java,src/test/java
12d9a805a6df7afdccfac94a7061d369cc986efa,src/main/java,src/test/java
5b3ff035f452b6a3f061d9c3919485c59e9c9333,src/main/java,src/test/java
10ff1c341d37da1cdb2a9ecb280a7e73670c00f5,src/main/java,src/test/java
ff0e842058091b3310340f51a130a65a1cf6f725,src/main/java,src/test/java
78cb9bf36dab81e15887f451fbc964cf57e94739,src/main/java,src/test/java
dcb0486fb4cb2b6592c04d6ec2edbd3f690df5f2,src/main/java,src/test/java
2a2f1dc48e22a34ddb72321a4db211da91aa933b,src/main/java,src/test/java
9db5028656f9be41ae5809f88ddd4c8ac0b48364,src/main/java,src/test/java
6ae716d458c52e1fbe205c78edf37af4fbb304cf,src/main/java,src/test/java
34b75c6f0ac96df0221bfbd11cafdc62dc0baa79,src/main/java,src/test/java
ccf4ce767a6cc07f1a88a0c33393e394af3c328b,src/main/java,src/test/java
abd47125414b2bc66830bb511b213594ebf43437,src/main/java,src/test/java
920831594efc8d25fd280d79682e9aa9aad22f23,src/main/java,src/test/java
ecb6e94adf85c1e978d2ee040b33dddf475ce4c9,src/main/java,src/test/java
a12adc3627ae39baecd132906c05484fee40efe8,src/main/java,src/test/java
c66db899cb061c79934986f0efa19a50ca33703f,src/main/java,src/test/java
0c644264e0788d514c5e5b357eeb611ae06b162a,src/main/java,src/test/java
c70dc2eb5a6fa2160d91e447b737a243062e41b8,src/main/java,src/test/java
0437b1845c7f541ded1bcf775f8fe7eb3510c027,src/main/java,src/test/java
8faba69945721e10b2bea0acda2db53298ffa124,src/main/java,src/test/java
7778533696b9644be3680228f25fce21e680e364,src/main/java,src/test/java
bd3e6cf204f249c2d60eca2268c8b9f402149f1b,src/main/java,src/test/java
ff10aeaaf2e4c343e0182840fb6e154577d1fd6c,src/main/java,src/test/java
0aeda4fcc3c6de7109acd8cf78f8779654b9f771,src/main/java,src/test/java
4da56433ba20213f51e887d9ad6dfffe9669ba13,src/main/java,src/test/java
77addfc268746a5b4b5abbbcef1cb3e6510690b1,src/main/java,src/test/java
bafc8e74f24b116402351e5462c86eee4303109b,src/main/java,src/test/java
34cf64fac1218c5112e551e686a1a5f1a7c80c32,src/main/java,src/test/java
7a34528b18b5ebdd33089a9b330206ccae56a9a0,src/main/java,src/test/java
6c52485cad4b718da71b959eed962680d0676f43,src/main/java,src/test/java
4224709bc3aa602135da6aa73c783e0d9d6f6ee8,src/main/java,src/test/java
e8c44e6090536bb4603d2c478724a7675e0a99fc,src/main/java,src/test/java
a1d952c23f4fd1b9aaf94abfaf92218756d865d5,src/main/java,src/test/java
c2ace88644826c227191ca52c8d4372a13605e50,src/main/java,src/test/java
20ad59f7bb2925ad5ef1a56c61cf93bf57d47700,src/main/java,src/test/java
f5571df060ec4223894a45108ede53306bc13595,src/main/java,src/test/java
8ed5daaadf51b7528df4555f4016d6e10140a721,src/main/java,src/test/java
c03704d773dfa0dfc5b2e53b4c198a95d0213ca0,src/main/java,src/test/java
53f6d42f748d771d5269aec5c377d5058e8cdf4c,src/main/java,src/test/java
af6fe141036d30bfd1613758b7a9fb413bf2bafc,src/main/java,src/test/java
f5330f7e667f5a7245c8a5f3007cda04554c5fe2,src/main/java,src/test/java
9e80104befc54daaa097870b857e1bc334521490,src/main/java,src/test/java
17575b8836ba18201ac7b839aeb432421b0c89bf,src/main/java,src/test/java
72bfc1247553bdd2711d6bb27a7179be86ded4f1,src/main/java,src/test/java
c8ee9f781900f874b075433141de779723b3e110,src/main/java,src/test/java
430e1267633bf2db0ee1c833c0c5f61f4a45702d,src/main/java,src/test/java
6f8c4960c2af25b7e4b36473d81fe652490dbbeb,src/main/java,src/test/java
64ed6dde03afbef6715fdfdeab5fc04be6192899,src/main/java,src/test/java
a41ce6892cb0590b2e658704434ac0dbcb6834c8,src/main/java,src/test/java
ba53647bf0fa16501445c7ec50d0ffa4a8288eff,src/main/java,src/test/java
7a3889d47b76b248deb4ae6d3c71cf7cf48dc734,src/main/java,src/test/java
fd69d8ca2212d373a5a8f220530e8c0fa17ddf3b,src/main/java,src/test/java
979260717c1a4730e49a094e02c9c873946e1237,src/main/java,src/test/java
2f75fbb5269bd5b2c7b799b7a4f93992fa1f9196,src/main/java,src/test/java
5417fb4ec02113ddcf7435ea3a48be8b8ae4d3cc,src/main/java,src/test/java
f132d6c50285b7a7652909aa85a5afdb3b828939,src/main/java,src/test/java
6e47be35fca595d8637441a578e29045b329c611,src/main/java,src/test/java
76f428958f83348692a67e9f41b86cbc7ee83878,src/main/java,src/test/java
