2266,source,tests
2264,source,tests
2242,source,tests
2240,source,tests
2227,source,tests
2225,source,tests
2183,source,tests
2182,source,tests
1696,source,tests
1695,source,tests
1166,source,tests
1164,source,tests
1087,source,tests
1086,source,tests
1085,source,tests
1084,source,tests
1083,source,tests
1082,source,tests
1065,source,tests
1064,source,tests
1025,source,tests
1024,source,tests
852,source,tests
846,source,tests
822,source,tests
817,source,tests
811,source,tests
809,source,tests
749,source,tests
747,source,tests
743,source,tests
741,source,tests
622,source,tests
621,source,tests
620,source,tests
434,source,tests
430,source,tests
283,source,tests
281,source,tests
231,source,tests
227,source,tests
225,source,tests
210,source,tests
209,source,tests
190,source,tests
188,source,tests
164,source,tests
162,source,tests
103,source,tests
