bug.id,revision.id.buggy,revision.id.fixed,report.id,report.url
1,2353d807058bc2a20af279a480d6652cdf892f4d,1dfad5043a207e032a78ef50c3cba50488bcd300,253,https://storage.googleapis.com/google-code-archive/v2/code.google.com/closure-compiler/issues/issue-253.json
2,61095090415cff7cae4f3645fa76ee7cdd3ee23d,d1cfe67977d8f3aaa85ec20c262171da394d5977,884,https://storage.googleapis.com/google-code-archive/v2/code.google.com/closure-compiler/issues/issue-884.json
3,3cc85c3c37aa8bc834a4a86f91ddeb399d854024,d80fcc04239ab8c4cf781273c4f9bc54cf06f479,864,https://storage.googleapis.com/google-code-archive/v2/code.google.com/closure-compiler/issues/issue-864.json
4,1c95684b4a6add525b3070cbd27c234981520676,efefb736fccc2039b5fb079710b3f2ac82b8c6e4,873,https://storage.googleapis.com/google-code-archive/v2/code.google.com/closure-compiler/issues/issue-873.json
5,722d1192e7ed174a12911dce09594228e31240e9,59eec92e364b2ec2cec9dd63449f5c0134983f18,851,https://storage.googleapis.com/google-code-archive/v2/code.google.com/closure-compiler/issues/issue-851.json
6,929b1c8fb38d8a7145f6e6f96255a764d92f5b3c,9f7a353385bf0b93cdaeaa56cc5b1450db790127,635,https://storage.googleapis.com/google-code-archive/v2/code.google.com/closure-compiler/issues/issue-635.json
7,d93f2d5aaf346749eaa6ae1641a171aeb177de5d,e736b1c92981fafdc87f3f41f66918305f173734,841,https://storage.googleapis.com/google-code-archive/v2/code.google.com/closure-compiler/issues/issue-841.json
8,e237d2643b102fbea616717806391f48e2ce506a,6300a43566d4adcf8828128267808a8740edc835,820,https://storage.googleapis.com/google-code-archive/v2/code.google.com/closure-compiler/issues/issue-820.json
9,19233b94d925c331933feff6268dc2941fa988b1,e9c15465c000c19ef4e0b8f68a680589ae4111d7,824,https://storage.googleapis.com/google-code-archive/v2/code.google.com/closure-compiler/issues/issue-824.json
10,f681fd8045bfa4a41f3a66c942b97fb04335b7cc,0884a4cbef1c82153ef306477a12af0480385a35,821,https://storage.googleapis.com/google-code-archive/v2/code.google.com/closure-compiler/issues/issue-821.json
11,bbf1b138e20a36ca79b2a012ae145c943929a6dd,482b767639e6eec7c30d8898851560c41b66d885,810,https://storage.googleapis.com/google-code-archive/v2/code.google.com/closure-compiler/issues/issue-810.json
12,919fda930ca242e2d1490e6413b601c8bad701b4,d06ac163013a3779fcec7c2f544ba99d08f69f58,794,https://storage.googleapis.com/google-code-archive/v2/code.google.com/closure-compiler/issues/issue-794.json
13,8b8c01a39b94069a9dac08b92c27dc9b9532ff7f,d6d733f461ee5ba26e9326c1c7609f1f00d6d2db,787,https://storage.googleapis.com/google-code-archive/v2/code.google.com/closure-compiler/issues/issue-787.json
14,b7c2861bf45b358b26ebc5ee1be9b6ce96bec78a,4b15b25f400335b6e2820cb690430324748372f9,779,https://storage.googleapis.com/google-code-archive/v2/code.google.com/closure-compiler/issues/issue-779.json
15,f9fbad23b8fb59464e395c164197750abb5db296,968b3f467f51c6bfec18af1fbcf980a0f19a1fb3,773,https://storage.googleapis.com/google-code-archive/v2/code.google.com/closure-compiler/issues/issue-773.json
16,33ab4df84afbdb36216b8a1ea3a526c438615e26,3b97e5e4212c769daa22a96094ed19b4658c8760,772,https://storage.googleapis.com/google-code-archive/v2/code.google.com/closure-compiler/issues/issue-772.json
17,e5e1253ac6d43e26271cc658a42fdb1477454faf,33ab4df84afbdb36216b8a1ea3a526c438615e26,688,https://storage.googleapis.com/google-code-archive/v2/code.google.com/closure-compiler/issues/issue-688.json
18,686146c4de7d2bd985156ae15175365633dd0f94,ea119a2d06328852763f9ee447c3bf74fa1f83dc,768,https://storage.googleapis.com/google-code-archive/v2/code.google.com/closure-compiler/issues/issue-768.json
19,8d91f37d29abd8682e298a23f63b96f2f2def659,686146c4de7d2bd985156ae15175365633dd0f94,769,https://storage.googleapis.com/google-code-archive/v2/code.google.com/closure-compiler/issues/issue-769.json
20,7e98b9c9511d197ed572b73214814ccb546a4b78,ebf229b05f4ee71bc05d70830f5dd5683271d661,759,https://storage.googleapis.com/google-code-archive/v2/code.google.com/closure-compiler/issues/issue-759.json
21,a9250a5aac439a72f71c248de07f042674fb2076,1787d7b2cff83a0f177dd958033c53e4502406d2,753,https://storage.googleapis.com/google-code-archive/v2/code.google.com/closure-compiler/issues/issue-753.json
22,c8e5f7acc524fe629f73876acfb463619a02f34b,43a55234ef122a1ed98681ce0350506207b878d5,753,https://storage.googleapis.com/google-code-archive/v2/code.google.com/closure-compiler/issues/issue-753.json
23,30a88df811879f5d389f56257c93ab5f740a0518,b59cdd9e2dc64d2db86b90982c200a78f2f85e50,747,https://storage.googleapis.com/google-code-archive/v2/code.google.com/closure-compiler/issues/issue-747.json
24,59aac0b247db74ec7047132f368953935edd81b8,70ca6014779735bdc52ca0e80e528257829a15e7,737,https://storage.googleapis.com/google-code-archive/v2/code.google.com/closure-compiler/issues/issue-737.json
25,372eb11e44b8559004bfe78a5b4003caf0072135,2e904fcdc3bc09e3bff557fcfca383ba7e450095,729,https://storage.googleapis.com/google-code-archive/v2/code.google.com/closure-compiler/issues/issue-729.json
26,d36428ed0ba16afb7fa603154be162514303fbcf,372eb11e44b8559004bfe78a5b4003caf0072135,732,https://storage.googleapis.com/google-code-archive/v2/code.google.com/closure-compiler/issues/issue-732.json
27,1d9ecb5328bbde5ee84dbfe2d74bbd318b89b6d7,7a8983042131c5a9c2b5421ae42075cbb8ef1aeb,727,https://storage.googleapis.com/google-code-archive/v2/code.google.com/closure-compiler/issues/issue-727.json
28,5c46a579786510ff342dcf622148e2bb3da0874e,59dbb7a28680caad08ddb1658123fe0cbb1ae689,728,https://storage.googleapis.com/google-code-archive/v2/code.google.com/closure-compiler/issues/issue-728.json
29,3587cc3bb550dadee3c9aeac44041aa29087e74e,6924915efab89f921fd0779fe200fecc1bf80847,724,https://storage.googleapis.com/google-code-archive/v2/code.google.com/closure-compiler/issues/issue-724.json
30,6da361c5865ecac18ee147014c9e84244d19c2a9,38e2b8f247423734adec3dbd76fa22da1a3561a8,698,https://storage.googleapis.com/google-code-archive/v2/code.google.com/closure-compiler/issues/issue-698.json
31,82dd7814fd865ac31435cd239cb61c531900bd03,0a670cb51fd56c12c19f98884c9513792ebc3f76,703,https://storage.googleapis.com/google-code-archive/v2/code.google.com/closure-compiler/issues/issue-703.json
32,116e0d5aea0f0f968a6d2ea4e085930331919752,66c8c695fd8130e3ede6f77c6e5cc1ec96a0e9b3,701,https://storage.googleapis.com/google-code-archive/v2/code.google.com/closure-compiler/issues/issue-701.json
33,24c113d396a1c3e175bf70fe572b496ff7a68144,382422adae8e9f07fc23c94089c0ebe08a2174bc,700,https://storage.googleapis.com/google-code-archive/v2/code.google.com/closure-compiler/issues/issue-700.json
34,bc018d6c44e70b5c02016431a2f3604b3e6fc45c,87b154f89cba3c67045cd7a783b79231d0630a4c,691,https://storage.googleapis.com/google-code-archive/v2/code.google.com/closure-compiler/issues/issue-691.json
35,7e3e1a667c866458cca12b7ade9965b4e6ddf3c0,22784dc96c391b01692ce686eb93b9aa0ef74ede,669,https://storage.googleapis.com/google-code-archive/v2/code.google.com/closure-compiler/issues/issue-669.json
36,c5ec81dc0b6aaaefcdfd84ee10e43f3312350d23,be397ee0d0be2aad8f71d12f097b17563866445a,668,https://storage.googleapis.com/google-code-archive/v2/code.google.com/closure-compiler/issues/issue-668.json
37,375879beef8fcffaae51749a7ac537d2eb140802,7e93d521cb67ce33018315234fafe8a5aa30ee1e,663,https://storage.googleapis.com/google-code-archive/v2/code.google.com/closure-compiler/issues/issue-663.json
38,f067d0e1d84d631ec0c1e8e8cd812bbda1497958,8cf08115c6b252f8c6b54348a4089dccc45a01fb,657,https://storage.googleapis.com/google-code-archive/v2/code.google.com/closure-compiler/issues/issue-657.json
39,9a40e654ee3aa65d01671e4da63f292d2e4e03c0,d577973fb378dfe0d05991ec0dfa6c1f40e574ee,643,https://storage.googleapis.com/google-code-archive/v2/code.google.com/closure-compiler/issues/issue-643.json
40,a90f4b4fba37c52376d5f074729233d59ce08408,6ebc0c3d7d4da7d2cf95f53d4ea790e89d3abc7a,284,https://storage.googleapis.com/google-code-archive/v2/code.google.com/closure-compiler/issues/issue-284.json
41,974027e9f66882bc75840bb15cfbaa206e02dd0e,00b1517c53912ac6843c257c0a6ead1176e8c5ee,368,https://storage.googleapis.com/google-code-archive/v2/code.google.com/closure-compiler/issues/issue-368.json
42,f74939a64a205d89721383c24874fe4e41439cfd,fb01427a445ebfeb3af5e220a98ccaced339b73e,644,https://storage.googleapis.com/google-code-archive/v2/code.google.com/closure-compiler/issues/issue-644.json
43,29f4990e25842d232922171594d835888627ace0,f636f23bdef4b27752ca249a28463ec1b6af1f0b,314,https://storage.googleapis.com/google-code-archive/v2/code.google.com/closure-compiler/issues/issue-314.json
44,3e66c9c827308d2f549a16440e3f0ef7fd844e04,64bb2291f9a9bbab67d865dffe603f8a0df8ef30,620,https://storage.googleapis.com/google-code-archive/v2/code.google.com/closure-compiler/issues/issue-620.json
45,a55420ec8457fb0c7be663b2afbdbc0a60064901,6aa71f116df0102a98c463f471ad8ddd4dba01f8,618,https://storage.googleapis.com/google-code-archive/v2/code.google.com/closure-compiler/issues/issue-618.json
46,edb6e4c48c19be681f38e9ee27e67b66a1944640,4a1a31c6a50a0fbe25fa33277909bd51f1deb8e9,603,https://storage.googleapis.com/google-code-archive/v2/code.google.com/closure-compiler/issues/issue-603.json
47,c5d7b308ecf260bf6ccf4b20ac256074fc42768f,aedce35970673f20696d5721acba13e986cc764c,575,https://storage.googleapis.com/google-code-archive/v2/code.google.com/closure-compiler/issues/issue-575.json
48,5524adbda991632656059566b69cc2771ba42b7d,46da17d59abb4f9c48b6ffd31601c212490b970b,586,https://storage.googleapis.com/google-code-archive/v2/code.google.com/closure-compiler/issues/issue-586.json
49,62581c697a626f2cd848b98648aa42329d482859,1a7ba5cb0111dd3ed9afd9691cab39b3c341e408,539,https://storage.googleapis.com/google-code-archive/v2/code.google.com/closure-compiler/issues/issue-539.json
50,9d3ed3fb128d2378e76f65e15bc45783eaf4cd57,c3b630fc9c2a1c4eb7cb718f8d324bfb306cb9df,558,https://storage.googleapis.com/google-code-archive/v2/code.google.com/closure-compiler/issues/issue-558.json
51,44c2d71195e5c4a3ded0ef2b2e593cabdeeec08b,a02241e5df48e44e23dc0e66dbef3fdc3c91eb3e,582,https://storage.googleapis.com/google-code-archive/v2/code.google.com/closure-compiler/issues/issue-582.json
52,d79072969c2f31860ea1f55e392a146c49bc2d0f,5909c3db59b16886917456ab950ef9661a7fe6b1,569,https://storage.googleapis.com/google-code-archive/v2/code.google.com/closure-compiler/issues/issue-569.json
53,4adf024b5eb87f6b760b40e9923ed1391bca4152,9959716b01fc5231ae68bc7a24454ce45d341606,545,https://storage.googleapis.com/google-code-archive/v2/code.google.com/closure-compiler/issues/issue-545.json
54,fc307189f141773d0a66c235f8f37f05c8252d8d,7e9b8336568ea7f05c33e1b58eb67fa6d4eee756,537,https://storage.googleapis.com/google-code-archive/v2/code.google.com/closure-compiler/issues/issue-537.json
55,1d13eac7441b980804c7ddfbe48a10a2ec3431d0,f2c0cb1f67ecb3315c0cb11326c9cb04db07ee8a,538,https://storage.googleapis.com/google-code-archive/v2/code.google.com/closure-compiler/issues/issue-538.json
56,f791e3a7a172728b54a337c94bff4bc27c7adc43,9e921fa973c603473f745fff76c44620fd7719e3,511,https://storage.googleapis.com/google-code-archive/v2/code.google.com/closure-compiler/issues/issue-511.json
57,2d3b9a6c591ef14e8c9208a3f049a1630c993d84,f759f431d5a7a2261b44440bca9cfab93ae25302,530,https://storage.googleapis.com/google-code-archive/v2/code.google.com/closure-compiler/issues/issue-530.json
58,7876ab2f80475ead7eb239dda7f65348c5cb7bdb,f640b5dec722422c93a9a624cd21d30b5e321858,528,https://storage.googleapis.com/google-code-archive/v2/code.google.com/closure-compiler/issues/issue-528.json
59,5331b915cf55e8d5f030b6cc62487757cfe50cd6,49b4ef31c850611a5c85d95140b4cedda7f4c59a,521,https://storage.googleapis.com/google-code-archive/v2/code.google.com/closure-compiler/issues/issue-521.json
60,042b972a5853424d39be1cb76f2710d4bc3380e0,fbaadc736f0031dd84bebea33abae497b47158cb,504,https://storage.googleapis.com/google-code-archive/v2/code.google.com/closure-compiler/issues/issue-504.json
61,bac71221414f7f42d31d3634c935c2ae1a940376,34e4616a924bf272c076039e143e20f1d792731e,501,https://storage.googleapis.com/google-code-archive/v2/code.google.com/closure-compiler/issues/issue-501.json
62,1e07047234938543ea364f68ec0f29686dbc12f1,b12d1d6489329c989b15635f6f7f06681b3f6582,487,https://storage.googleapis.com/google-code-archive/v2/code.google.com/closure-compiler/issues/issue-487.json
64,620fc21fa289cf0fda52c3d310a41d9fc2103be9,de726510af4329fb8eeb8a54b2d93d8d37c87545,489,https://storage.googleapis.com/google-code-archive/v2/code.google.com/closure-compiler/issues/issue-489.json
65,9465f9139201814dc532adc33fe44a169a101937,48aea0ff7d027507362007415963a4b662fb10a7,486,https://storage.googleapis.com/google-code-archive/v2/code.google.com/closure-compiler/issues/issue-486.json
66,984bce0d9f36b0a21a0f9b51dc68fca0175aa1c8,59a30b48325cccadabae8687fdf603d72e26c157,482,https://storage.googleapis.com/google-code-archive/v2/code.google.com/closure-compiler/issues/issue-482.json
67,8777edb959dfea307495e667c2c01834adabb906,aa89d05b48332d68b8e6ebcee427b2ac3b4e3184,459,https://storage.googleapis.com/google-code-archive/v2/code.google.com/closure-compiler/issues/issue-459.json
68,f392c8416faeb6dc41e663912ad7f4421d893a90,9d5a6e3082dd99f6c44df1b3526b9e83b79aa7da,477,https://storage.googleapis.com/google-code-archive/v2/code.google.com/closure-compiler/issues/issue-477.json
69,036f2173d91679c7c914da196761c0f7d05e5389,63df133d0850805818d1e280ba47dcefc9763c89,440,https://storage.googleapis.com/google-code-archive/v2/code.google.com/closure-compiler/issues/issue-440.json
70,7433d30ac4cb2334d22e66299846118686efe939,ec4a34c2bd87ba54fa8770affdeeea4f3c42089b,433,https://storage.googleapis.com/google-code-archive/v2/code.google.com/closure-compiler/issues/issue-433.json
71,c498ecb791f2dd8a1b37e74f94c1c119549607bc,db1fdf97454a6e4ff2d29cab5f1ef2273b54c0b4,254,https://storage.googleapis.com/google-code-archive/v2/code.google.com/closure-compiler/issues/issue-254.json
72,3f8896c5f08cd04efabfc1bd9915ebfd93fb832a,e323b879de2e53e5eedf6e7afb0d582382c6248d,435,https://storage.googleapis.com/google-code-archive/v2/code.google.com/closure-compiler/issues/issue-435.json
73,760bded3242093d86611a82e81fdca302a1487f1,ee8344091722c28c9351e78dcb4155fbfddfd1af,416,https://storage.googleapis.com/google-code-archive/v2/code.google.com/closure-compiler/issues/issue-416.json
74,d5bf6b425c5d52b28136afc9770876139b34acd7,03fee32a06ccf8257b2da67b9034270be38805ae,413,https://storage.googleapis.com/google-code-archive/v2/code.google.com/closure-compiler/issues/issue-413.json
75,31baadd1293c5ae7af05b3a06a1ba3a06403e4ed,c6cc58a9bc617483366141386e047b085b4e83ff,395,https://storage.googleapis.com/google-code-archive/v2/code.google.com/closure-compiler/issues/issue-395.json
76,a6ca7c196cb8f9bcddefd038d80217c3de486e4e,78b01c3a435cd175ce3ee70f97b2f8faac342cdc,384,https://storage.googleapis.com/google-code-archive/v2/code.google.com/closure-compiler/issues/issue-384.json
77,25827942ba9d45825dfd92faa37a78dbc9034ad0,b88400ce0e9c1a0dadfd3417c256b02a82f38fe1,383,https://storage.googleapis.com/google-code-archive/v2/code.google.com/closure-compiler/issues/issue-383.json
78,b40c6c7e0e323f1b69fe7f9686ed8f763b01faf8,25829b0395164533782d608399096803321225a7,381,https://storage.googleapis.com/google-code-archive/v2/code.google.com/closure-compiler/issues/issue-381.json
79,f3c23f757da302483c86414ec8b9c502f10fce00,5d397618f3c86d9c444a4c4c6441267b8a89a21d,367,https://storage.googleapis.com/google-code-archive/v2/code.google.com/closure-compiler/issues/issue-367.json
80,a2153e7405e09c8fa413a01874c949b8b2bcd32b,58786c3f717fa506280127265cd68fedf17de0a9,364,https://storage.googleapis.com/google-code-archive/v2/code.google.com/closure-compiler/issues/issue-364.json
81,a65a72e9dd320790710beed1593dd6358c4bf029,084b868bc2fbf9d6d0319e5a362ade1d7f43f899,251,https://storage.googleapis.com/google-code-archive/v2/code.google.com/closure-compiler/issues/issue-251.json
82,1a7fbd18b47c102152869c3b046b65ff0f12fc43,a857aec27d79fc234fddd4a72c1215af0251b2d8,301,https://storage.googleapis.com/google-code-archive/v2/code.google.com/closure-compiler/issues/issue-301.json
83,840ddca5b28cea7563a5be20d2624478af67bc02,43c245f0ff8d409e81e25687e69d34666b7cf26a,319,https://storage.googleapis.com/google-code-archive/v2/code.google.com/closure-compiler/issues/issue-319.json
84,9f8345afa4e5eaa24e3ff6a84d16691764698799,4839e1ea57f9a1a26debd2cc8f22beef7282b490,215,https://storage.googleapis.com/google-code-archive/v2/code.google.com/closure-compiler/issues/issue-215.json
85,2410995673fcaaaec5d4d48eae9139127c64acac,21a2103d7fa5664ea324ef9ee25b4a8922e50955,311,https://storage.googleapis.com/google-code-archive/v2/code.google.com/closure-compiler/issues/issue-311.json
86,5cd9c1efe90dc7c1be33cd7f8c1dcbaa9225909e,0907b6618a60b2de23c8f7ec2217a37dc5e9a091,303,https://storage.googleapis.com/google-code-archive/v2/code.google.com/closure-compiler/issues/issue-303.json
87,e9f7e6114414f68deb90f4116861d7a054365404,f64a3f51bd346547ce6e1edb30601df73dff27d9,291,https://storage.googleapis.com/google-code-archive/v2/code.google.com/closure-compiler/issues/issue-291.json
88,d68322323aa52d943b9dc5618ef8ea81d43d7b4f,6a17da87f9e132bdc147b33223826da040c77a6b,297,https://storage.googleapis.com/google-code-archive/v2/code.google.com/closure-compiler/issues/issue-297.json
89,e7ad2425c384dcb18a34bec8e147a91c658d5118,4b065734d8afb5ab0d241ee5da22af0fa9d75ec3,289,https://storage.googleapis.com/google-code-archive/v2/code.google.com/closure-compiler/issues/issue-289.json
90,97485ec652a6d3471c539d5b0ead4f05707db139,c5e143f7df0c3d73f6634488cac8ad8e7054fe05,274,https://storage.googleapis.com/google-code-archive/v2/code.google.com/closure-compiler/issues/issue-274.json
91,8eee751ff9f460c4a769d598c65b1cd643dabc7b,7eb2d84de101a125d41d3a1157f4eed789ca4a0d,248,https://storage.googleapis.com/google-code-archive/v2/code.google.com/closure-compiler/issues/issue-248.json
92,39dde4ca5df6263d7058029e081a710d7fa13de9,8980b60033b1c6853cbca593ec89d3d332adf7dc,261,https://storage.googleapis.com/google-code-archive/v2/code.google.com/closure-compiler/issues/issue-261.json
94,9d72612f028076aa43a9b259c29b2a940398465f,7cc748592670105f9d783b1b85f0f27e938db4ff,255,https://storage.googleapis.com/google-code-archive/v2/code.google.com/closure-compiler/issues/issue-255.json
95,f93cdf97ea803c4702023daf1326dc45172de611,f6607996d6d3bd6820ce3848d147991b27600a12,66,https://storage.googleapis.com/google-code-archive/v2/code.google.com/closure-compiler/issues/issue-66.json
96,b9bc1534921f1e98da5a373e39ea2d71a4a39175,807aaf2569e9eb09761068c5aeb95654daea30d9,229,https://storage.googleapis.com/google-code-archive/v2/code.google.com/closure-compiler/issues/issue-229.json
97,4cf197f69d8733ac68b02672b2e23d7939e5eb76,ee749e286b477f8d6f53ff5960a38453baf50f31,200,https://storage.googleapis.com/google-code-archive/v2/code.google.com/closure-compiler/issues/issue-200.json
98,d768bbc4212ee0d95d20d52426fbad47f0f9c56e,d1df970451b5a18956448097b3afb43f3a82263d,174,https://storage.googleapis.com/google-code-archive/v2/code.google.com/closure-compiler/issues/issue-174.json
99,ccbbcbf71b1cb8771c9cdad1d28b367ce6ea0da2,8aa879a4eeb18cfc8d13e6c843a32b7f41ccd516,125,https://storage.googleapis.com/google-code-archive/v2/code.google.com/closure-compiler/issues/issue-125.json
100,71a6f6049d9359ea047adafc2a77e4dfb1398f41,6d00ac1a68612aade8a19d7ecc9b180f00ae5234,144,https://storage.googleapis.com/google-code-archive/v2/code.google.com/closure-compiler/issues/issue-144.json
101,2d892b164f41c053de4d56e424f0815576c6dc54,369282db85567f1bf2c9635d0c0043d47f114814,130,https://storage.googleapis.com/google-code-archive/v2/code.google.com/closure-compiler/issues/issue-130.json
102,9a1ddf5f982e54ecbc3e028dfa84ef9bd07a8044,d48c365ba8251057a71a2e2b7aabff640209e31b,115,https://storage.googleapis.com/google-code-archive/v2/code.google.com/closure-compiler/issues/issue-115.json
103,67289ae4cbaba3ae70cd2e8fb92f3f2898039dfb,2f5cb1622371de540fe20dcbe0411651ec89f952,113,https://storage.googleapis.com/google-code-archive/v2/code.google.com/closure-compiler/issues/issue-113.json
104,1be1c2636ef14071afa7da5cb8988972bd90149f,67289ae4cbaba3ae70cd2e8fb92f3f2898039dfb,114,https://storage.googleapis.com/google-code-archive/v2/code.google.com/closure-compiler/issues/issue-114.json
105,8e121a1fe0cea18df772320da1b663a6d663a0e8,113a08f59e8116fb11a7d4ceb11d5bb09b74ac3c,106,https://storage.googleapis.com/google-code-archive/v2/code.google.com/closure-compiler/issues/issue-106.json
106,6a36f04485599820ff86441accee002b4deec2eb,e609670bb56e0c7216c9476a5f6a5594e7f1acdb,19,https://storage.googleapis.com/google-code-archive/v2/code.google.com/closure-compiler/issues/issue-19.json
107,aae547f4d911dfbf42ca5a31aeb401ac83725a14,49e9565febba904484396e2aef7dbe86f55e9cc5,1135,https://storage.googleapis.com/google-code-archive/v2/code.google.com/closure-compiler/issues/issue-1135.json
108,acd31d1221421da27c4fd1a55ec751488ad85744,aae547f4d911dfbf42ca5a31aeb401ac83725a14,1144,https://storage.googleapis.com/google-code-archive/v2/code.google.com/closure-compiler/issues/issue-1144.json
109,bb893266036cbc7f0b434794d4fd9306513357be,7d26b7bcae8311f3c032bae3f1df27b590a4c174,1105,https://storage.googleapis.com/google-code-archive/v2/code.google.com/closure-compiler/issues/issue-1105.json
110,5917817198c13401d7eb4e15f3e462fa7f46f1fe,13fb7fcbcad87f8df63535491627bf7b01471064,1111,https://storage.googleapis.com/google-code-archive/v2/code.google.com/closure-compiler/issues/issue-1111.json
111,450f0f6ef5d9b1bea2bc556e6029fa4f2f8554a2,6f981f77e5bd9e2eecbd851a2a02933cdb9af0d8,1114,https://storage.googleapis.com/google-code-archive/v2/code.google.com/closure-compiler/issues/issue-1114.json
112,fb0f2fd881cd00766b90d78072ea9ab30e5d7da7,b168c8822b2d3d12515ec6477812674c8805bcf3,1058,https://storage.googleapis.com/google-code-archive/v2/code.google.com/closure-compiler/issues/issue-1058.json
113,fa1e469dde0bdfd6978a3266db7803b8d39d1d69,0fb76a81bbdd8ab84a00b8be2099abfb83c88668,1079,https://storage.googleapis.com/google-code-archive/v2/code.google.com/closure-compiler/issues/issue-1079.json
114,a44af4540d0f2bf5fc5ecd0a34c9fea656ee574c,5f03c6817341d39d8dead76c7511fd6bb0b9009f,1085,https://storage.googleapis.com/google-code-archive/v2/code.google.com/closure-compiler/issues/issue-1085.json
115,2d6e1c78f41248fbbb1eec43b23e7430e2bc7885,4597738e8898f738c1f969fe90479728be81cc80,1101,https://storage.googleapis.com/google-code-archive/v2/code.google.com/closure-compiler/issues/issue-1101.json
116,b9262dcd42d1b8f53c2a974c182feba2899dc74c,b80dfd3b0e5e4b490b7afb469320d18bac4520b4,1101,https://storage.googleapis.com/google-code-archive/v2/code.google.com/closure-compiler/issues/issue-1101.json
117,6c43134465d961e19098964c6be69bf48fe8e860,871bca1f36c5c06aa880ce21429da63a76f8f6e9,1047,https://storage.googleapis.com/google-code-archive/v2/code.google.com/closure-compiler/issues/issue-1047.json
118,046e0b226e963bc584c2a6cd3c2b471777c5cc53,f17961ae4d3d7cf5ea291d82804239982d009ef7,1024,https://storage.googleapis.com/google-code-archive/v2/code.google.com/closure-compiler/issues/issue-1024.json
119,3e0d176234636b3dfba0a3060b18488c6752ae8c,046e0b226e963bc584c2a6cd3c2b471777c5cc53,1070,https://storage.googleapis.com/google-code-archive/v2/code.google.com/closure-compiler/issues/issue-1070.json
120,9f890320310e8ecb8dd2b6dc043eb24d8b0a25c6,0123fd5303c85d0d26add64aa2e19fee33f73aaa,1053,https://storage.googleapis.com/google-code-archive/v2/code.google.com/closure-compiler/issues/issue-1053.json
121,1af41ab430be090a9a6177648b18c1ff9fb88c3f,2aee36e667526ff8b0b5e6dad66506acee920ea6,1053,https://storage.googleapis.com/google-code-archive/v2/code.google.com/closure-compiler/issues/issue-1053.json
122,f22a0e8b289e8ed26f04ea0d3af3612b6e15414a,a8a456b183c9600658bcb0c72091bae1a30a4fda,1037,https://storage.googleapis.com/google-code-archive/v2/code.google.com/closure-compiler/issues/issue-1037.json
123,60dac870c77b5de63d981f4be40106fe1c87b7d1,8d11b8cc7a6183222b61c9bd398fed5448c59109,1033,https://storage.googleapis.com/google-code-archive/v2/code.google.com/closure-compiler/issues/issue-1033.json
124,95ff0484a76d60d30145f4e3da4bf9b517029361,e7f4269d0289f4d47217207ec456219db8efe47c,1017,https://storage.googleapis.com/google-code-archive/v2/code.google.com/closure-compiler/issues/issue-1017.json
125,ddc1299802e88b9814250c369e3fe6f7ee07d4e5,8cef00180a5cf67d047919c89668a6405030dbab,1002,https://storage.googleapis.com/google-code-archive/v2/code.google.com/closure-compiler/issues/issue-1002.json
126,211dc0161ae737f59cac22f30b048d56a059d14b,bd2803b6d9ab600906b262ae51cb3591160b5f3c,936,https://storage.googleapis.com/google-code-archive/v2/code.google.com/closure-compiler/issues/issue-936.json
127,437a9e47d1a371f9e6724210b16d11d75366c3a0,211dc0161ae737f59cac22f30b048d56a059d14b,936,https://storage.googleapis.com/google-code-archive/v2/code.google.com/closure-compiler/issues/issue-936.json
128,79a8906570f44e5f519282bd32595985ed089aed,d82fb38b0121bf690cea58df293185c7e91ded9c,942,https://storage.googleapis.com/google-code-archive/v2/code.google.com/closure-compiler/issues/issue-942.json
129,4ff5d0b989360d785c63978faf8eed6284e030e1,79a8906570f44e5f519282bd32595985ed089aed,937,https://storage.googleapis.com/google-code-archive/v2/code.google.com/closure-compiler/issues/issue-937.json
130,8a37f1089f62deaebc29fe5c8a22f48d04a6c8b1,9fac3ccd2fa9e6137584f079db1a6f5962a65cf4,931,https://storage.googleapis.com/google-code-archive/v2/code.google.com/closure-compiler/issues/issue-931.json
131,602dc3845e92d39a0701396666635ccc4a321599,7f6700e2b54af3af409f3e8851a0d98a72beef4b,921,https://storage.googleapis.com/google-code-archive/v2/code.google.com/closure-compiler/issues/issue-921.json
132,f5a77bb416ab2223fda83de118da1007e5962498,5b9485903b5e7d926f49dc91b915a256df92591c,925,https://storage.googleapis.com/google-code-archive/v2/code.google.com/closure-compiler/issues/issue-925.json
133,c5e6df9c0f84de1eee287d530ef8721c05e9cf14,4fbbc47cb18f241b23dd2d4bf9c15d45b2473523,919,https://storage.googleapis.com/google-code-archive/v2/code.google.com/closure-compiler/issues/issue-919.json
134,86860111110ec7a96d92fbefb6c3ae15e3575405,6d374c3ee4c9c2651ffb44048924e127fd2bf37c,86,https://storage.googleapis.com/google-code-archive/v2/code.google.com/closure-compiler/issues/issue-86.json
135,37bc6d41f17d17a822bbcd9aed9f17649a3384fd,d1f25380b5d74c5303533491e36ae4b33a50e2da,59,https://storage.googleapis.com/google-code-archive/v2/code.google.com/closure-compiler/issues/issue-59.json
136,2131059de15ba858adf7646bfba5cbd04b661336,938f48a60c544f6b7bdb5d49006f654a51ca9a22,103,https://storage.googleapis.com/google-code-archive/v2/code.google.com/closure-compiler/issues/issue-103.json
137,e185090c145950cc1eaba599e9f64bc305dec4c7,da30f170f29e983f014fb029fe5779bfd5d3b04f,124,https://storage.googleapis.com/google-code-archive/v2/code.google.com/closure-compiler/issues/issue-124.json
138,da30f170f29e983f014fb029fe5779bfd5d3b04f,1f5edbcd2b5b09ec59151137e643d9ce75ef1055,124,https://storage.googleapis.com/google-code-archive/v2/code.google.com/closure-compiler/issues/issue-124.json
139,6f2539acd3c37bd7f0d031b43364f75a5cd6d5f7,b347ce3a71e23a4ab92dc0a6c07d43e2f497c953,33,https://storage.googleapis.com/google-code-archive/v2/code.google.com/closure-compiler/issues/issue-33.json
140,b347ce3a71e23a4ab92dc0a6c07d43e2f497c953,a70a7c599e53a7752cf4b9e6e82b4408c3c4c04b,126,https://storage.googleapis.com/google-code-archive/v2/code.google.com/closure-compiler/issues/issue-126.json
141,8ff053c723ec20f5b8e1e9e87164bbd657f7d2ca,3ce4716848eb71b6e78a4545a2cc0c27e74a29b3,116,https://storage.googleapis.com/google-code-archive/v2/code.google.com/closure-compiler/issues/issue-116.json
142,222eafd303155b3eac5cd244584b2cb3c4c11975,c25df7eca2462861bf42ad8b74215099c3f81ae6,58,https://storage.googleapis.com/google-code-archive/v2/code.google.com/closure-compiler/issues/issue-58.json
143,45fd54a488cfbf27978fc4811a722f1fedb8ddaa,7eaa0d8eca2549742649af34671eaf3da83b5c08,139,https://storage.googleapis.com/google-code-archive/v2/code.google.com/closure-compiler/issues/issue-139.json
144,c9e89727dc8063d087d28e42629606f4fd74a6e5,465282f1ca28a208b06c47b55fd292d4631c55da,143,https://storage.googleapis.com/google-code-archive/v2/code.google.com/closure-compiler/issues/issue-143.json
145,b1ffe42efdaaf0266b4ba10e05de124a885cf979,dff6e0114f19c20aeb63393d67aa0880ff5745b5,190,https://storage.googleapis.com/google-code-archive/v2/code.google.com/closure-compiler/issues/issue-190.json
146,8d53308bb1d34c16af002ce5fe46cf0ae6c38128,35d56dd1fadec0ed50797d222de4e05f78bbf1c9,172,https://storage.googleapis.com/google-code-archive/v2/code.google.com/closure-compiler/issues/issue-172.json
147,91d0d35fba40aac9316db9e2f8aa94cd3a3b6c2e,82a9956c6337d2f5d4a94ebe624d64faa54d9182,182,https://storage.googleapis.com/google-code-archive/v2/code.google.com/closure-compiler/issues/issue-182.json
148,4d09ce45270187fa65a891e56081960a0ae449e5,f86b8929454da31fbc59cbf95293c7138e0b8200,196,https://storage.googleapis.com/google-code-archive/v2/code.google.com/closure-compiler/issues/issue-196.json
149,52547e61d187e102f21e5545c24e8d232fefe92f,053636cbd1a8fb97e55b4f82bc4b5bee8beaf47e,205,https://storage.googleapis.com/google-code-archive/v2/code.google.com/closure-compiler/issues/issue-205.json
150,07dd3707c1a61ff21de3f7a7f15585bbb5f70573,bf8fc4533884f914182f861576808e71c18410cc,61,https://storage.googleapis.com/google-code-archive/v2/code.google.com/closure-compiler/issues/issue-61.json
151,d00fc0c64dba6762b649f9690cd52c68b849e118,fe58a5d1750bab2c5d1d0ef16102c1000e761bd8,74,https://storage.googleapis.com/google-code-archive/v2/code.google.com/closure-compiler/issues/issue-74.json
152,08fc2551ca3c811a02407d593b6ae39d2439a88c,de491e70b971caca03f07531c2caf97b878cd1ff,268,https://storage.googleapis.com/google-code-archive/v2/code.google.com/closure-compiler/issues/issue-268.json
153,ff1a3d71ca63efdfc79112b6212fd10bd9aecce8,86caf52b53f53d8b83e9c1092f4b15ddeb6ca5bb,290,https://storage.googleapis.com/google-code-archive/v2/code.google.com/closure-compiler/issues/issue-290.json
154,d8624db8004fc8ef596d4ccedff7f307f444ad30,09ed556367fbe81b3003881dfacad643939664c0,204,https://storage.googleapis.com/google-code-archive/v2/code.google.com/closure-compiler/issues/issue-204.json
155,86a7d25f3cc1177f35dc6480260fb807912c03fa,ba0119710233a1be87c10c5e71424dc5922cc627,378,https://storage.googleapis.com/google-code-archive/v2/code.google.com/closure-compiler/issues/issue-378.json
156,bae144ca994994d3ada90c9311286e9277f86288,f39bbdd39c9ec2136f0a58a677bd2fdae77075a2,389,https://storage.googleapis.com/google-code-archive/v2/code.google.com/closure-compiler/issues/issue-389.json
157,9f19220fbd022e8fbcee16d117564d5412e4ffa7,41acde3e8e5e8d37ade765b41d9fd29861f03e5e,347,https://storage.googleapis.com/google-code-archive/v2/code.google.com/closure-compiler/issues/issue-347.json
158,87ff82f73e843495a887ef08bc92a98b4c7c105c,fcccf543e85a214f0948d1ac5cab3fa05363e845,407,https://storage.googleapis.com/google-code-archive/v2/code.google.com/closure-compiler/issues/issue-407.json
159,303a90a0e1fea556eec005e8b0934e87045810a3,a4f32ed8acef2880288fe9559f8c60fba444bbe3,423,https://storage.googleapis.com/google-code-archive/v2/code.google.com/closure-compiler/issues/issue-423.json
160,d5dad765e6cbdf512f80a1331e08d3e54baea3fa,29312d9f6d01e6c1fce4da0a644881c83864549f,467,https://storage.googleapis.com/google-code-archive/v2/code.google.com/closure-compiler/issues/issue-467.json
161,dffa868e080b54544e05b96c81dceef522439180,89441fcc27e2d7f36d7b2f3990bbc894235bb5b4,522,https://storage.googleapis.com/google-code-archive/v2/code.google.com/closure-compiler/issues/issue-522.json
162,6b825fb7dbe65d4523f2af9c850ed7e7f43862c2,3395eb68a19a8492196df62fb9e38c814de80f08,548,https://storage.googleapis.com/google-code-archive/v2/code.google.com/closure-compiler/issues/issue-548.json
163,acc3c458096b1eb7bfc5d7371eafb30af5f7b66c,f5bcee992bf149fa39f9eafc870ea2046d5809b4,600,https://storage.googleapis.com/google-code-archive/v2/code.google.com/closure-compiler/issues/issue-600.json
164,32f4884ca5aa648d48d988d8d7dada88212d6dbe,e414f154d5c4dae483f251ebeb2d9ef598aaa0f6,634,https://storage.googleapis.com/google-code-archive/v2/code.google.com/closure-compiler/issues/issue-634.json
165,2e904fcdc3bc09e3bff557fcfca383ba7e450095,61336bdc14f94b57ba58042f958c2a3227a55a3f,725,https://storage.googleapis.com/google-code-archive/v2/code.google.com/closure-compiler/issues/issue-725.json
166,4f663a93dcdc8130cf92c3ad31ce8a8ac1fd0804,8d58355140bfdfbfc85c4629b90ed1d78225b520,785,https://storage.googleapis.com/google-code-archive/v2/code.google.com/closure-compiler/issues/issue-785.json
167,d9b11f3334dcb04cd35abe5f7a5fbfb000fa0986,d58006a939b740ea78dc61128065a6fdb8f303ca,783,https://storage.googleapis.com/google-code-archive/v2/code.google.com/closure-compiler/issues/issue-783.json
168,d06ac163013a3779fcec7c2f544ba99d08f69f58,b675d1da9d5f8b36849db4943f580969105901a4,726,https://storage.googleapis.com/google-code-archive/v2/code.google.com/closure-compiler/issues/issue-726.json
169,b4c6a605c0aee776bf195c8d71fe2aeebb47665a,ac239c7c53aa4d6c3105f600dec8af69da530883,791,https://storage.googleapis.com/google-code-archive/v2/code.google.com/closure-compiler/issues/issue-791.json
170,d5b7f2d9a109eefee69a6554eb4a899e60139101,49f54b28376a4ed5f72ec52d314020bd1f6cf3c6,965,https://storage.googleapis.com/google-code-archive/v2/code.google.com/closure-compiler/issues/issue-965.json
171,d38ce5675419b30040bc44413e77e7317ed0c7f2,6d38965a1e0a3a61435b9bebc91ff1ba0a64013a,1023,https://storage.googleapis.com/google-code-archive/v2/code.google.com/closure-compiler/issues/issue-1023.json
172,a8a456b183c9600658bcb0c72091bae1a30a4fda,ce86cc8e460060e1280f365f22ccd5c375e2f5ed,1042,https://storage.googleapis.com/google-code-archive/v2/code.google.com/closure-compiler/issues/issue-1042.json
173,ecd0a7791a772cfa27a6f7dc071b2bd711517b80,e96ce395944edfe9ba8e9de6b475cb64a7f8d626,1062,https://storage.googleapis.com/google-code-archive/v2/code.google.com/closure-compiler/issues/issue-1062.json
174,095dd84b712332cd74dff3d1d2fc236aa93e7b78,d2b3ca66b6088c1c08437c120ae215d91d313b7c,1103,https://storage.googleapis.com/google-code-archive/v2/code.google.com/closure-compiler/issues/issue-1103.json
175,94623ace4074dea70ffdde117a2d5e11c76de5fa,038da2119223818ee1c56eaf600a583f755f9b30,1101,https://storage.googleapis.com/google-code-archive/v2/code.google.com/closure-compiler/issues/issue-1101.json
176,d6eebf3357f6f06b44cefbe55aabeab5bf25216e,aeed47f424d93d9ff82e0782fca53259829362b1,1056,https://storage.googleapis.com/google-code-archive/v2/code.google.com/closure-compiler/issues/issue-1056.json
