1dfad5043a207e032a78ef50c3cba50488bcd300,src,test
2353d807058bc2a20af279a480d6652cdf892f4d,src,test
d1cfe67977d8f3aaa85ec20c262171da394d5977,src,test
61095090415cff7cae4f3645fa76ee7cdd3ee23d,src,test
d80fcc04239ab8c4cf781273c4f9bc54cf06f479,src,test
3cc85c3c37aa8bc834a4a86f91ddeb399d854024,src,test
efefb736fccc2039b5fb079710b3f2ac82b8c6e4,src,test
1c95684b4a6add525b3070cbd27c234981520676,src,test
59eec92e364b2ec2cec9dd63449f5c0134983f18,src,test
722d1192e7ed174a12911dce09594228e31240e9,src,test
9f7a353385bf0b93cdaeaa56cc5b1450db790127,src,test
929b1c8fb38d8a7145f6e6f96255a764d92f5b3c,src,test
e736b1c92981fafdc87f3f41f66918305f173734,src,test
d93f2d5aaf346749eaa6ae1641a171aeb177de5d,src,test
6300a43566d4adcf8828128267808a8740edc835,src,test
e237d2643b102fbea616717806391f48e2ce506a,src,test
e9c15465c000c19ef4e0b8f68a680589ae4111d7,src,test
19233b94d925c331933feff6268dc2941fa988b1,src,test
0884a4cbef1c82153ef306477a12af0480385a35,src,test
f681fd8045bfa4a41f3a66c942b97fb04335b7cc,src,test
482b767639e6eec7c30d8898851560c41b66d885,src,test
bbf1b138e20a36ca79b2a012ae145c943929a6dd,src,test
919fda930ca242e2d1490e6413b601c8bad701b4,src,test
d6d733f461ee5ba26e9326c1c7609f1f00d6d2db,src,test
8b8c01a39b94069a9dac08b92c27dc9b9532ff7f,src,test
4b15b25f400335b6e2820cb690430324748372f9,src,test
b7c2861bf45b358b26ebc5ee1be9b6ce96bec78a,src,test
968b3f467f51c6bfec18af1fbcf980a0f19a1fb3,src,test
f9fbad23b8fb59464e395c164197750abb5db296,src,test
3b97e5e4212c769daa22a96094ed19b4658c8760,src,test
33ab4df84afbdb36216b8a1ea3a526c438615e26,src,test
e5e1253ac6d43e26271cc658a42fdb1477454faf,src,test
ea119a2d06328852763f9ee447c3bf74fa1f83dc,src,test
686146c4de7d2bd985156ae15175365633dd0f94,src,test
8d91f37d29abd8682e298a23f63b96f2f2def659,src,test
ebf229b05f4ee71bc05d70830f5dd5683271d661,src,test
7e98b9c9511d197ed572b73214814ccb546a4b78,src,test
1787d7b2cff83a0f177dd958033c53e4502406d2,src,test
a9250a5aac439a72f71c248de07f042674fb2076,src,test
43a55234ef122a1ed98681ce0350506207b878d5,src,test
c8e5f7acc524fe629f73876acfb463619a02f34b,src,test
b59cdd9e2dc64d2db86b90982c200a78f2f85e50,src,test
30a88df811879f5d389f56257c93ab5f740a0518,src,test
70ca6014779735bdc52ca0e80e528257829a15e7,src,test
59aac0b247db74ec7047132f368953935edd81b8,src,test
2e904fcdc3bc09e3bff557fcfca383ba7e450095,src,test
372eb11e44b8559004bfe78a5b4003caf0072135,src,test
d36428ed0ba16afb7fa603154be162514303fbcf,src,test
7a8983042131c5a9c2b5421ae42075cbb8ef1aeb,src,test
1d9ecb5328bbde5ee84dbfe2d74bbd318b89b6d7,src,test
59dbb7a28680caad08ddb1658123fe0cbb1ae689,src,test
5c46a579786510ff342dcf622148e2bb3da0874e,src,test
6924915efab89f921fd0779fe200fecc1bf80847,src,test
3587cc3bb550dadee3c9aeac44041aa29087e74e,src,test
38e2b8f247423734adec3dbd76fa22da1a3561a8,src,test
6da361c5865ecac18ee147014c9e84244d19c2a9,src,test
0a670cb51fd56c12c19f98884c9513792ebc3f76,src,test
82dd7814fd865ac31435cd239cb61c531900bd03,src,test
66c8c695fd8130e3ede6f77c6e5cc1ec96a0e9b3,src,test
116e0d5aea0f0f968a6d2ea4e085930331919752,src,test
382422adae8e9f07fc23c94089c0ebe08a2174bc,src,test
24c113d396a1c3e175bf70fe572b496ff7a68144,src,test
87b154f89cba3c67045cd7a783b79231d0630a4c,src,test
bc018d6c44e70b5c02016431a2f3604b3e6fc45c,src,test
22784dc96c391b01692ce686eb93b9aa0ef74ede,src,test
7e3e1a667c866458cca12b7ade9965b4e6ddf3c0,src,test
be397ee0d0be2aad8f71d12f097b17563866445a,src,test
c5ec81dc0b6aaaefcdfd84ee10e43f3312350d23,src,test
7e93d521cb67ce33018315234fafe8a5aa30ee1e,src,test
375879beef8fcffaae51749a7ac537d2eb140802,src,test
8cf08115c6b252f8c6b54348a4089dccc45a01fb,src,test
f067d0e1d84d631ec0c1e8e8cd812bbda1497958,src,test
d577973fb378dfe0d05991ec0dfa6c1f40e574ee,src,test
9a40e654ee3aa65d01671e4da63f292d2e4e03c0,src,test
6ebc0c3d7d4da7d2cf95f53d4ea790e89d3abc7a,src,test
a90f4b4fba37c52376d5f074729233d59ce08408,src,test
00b1517c53912ac6843c257c0a6ead1176e8c5ee,src,test
974027e9f66882bc75840bb15cfbaa206e02dd0e,src,test
fb01427a445ebfeb3af5e220a98ccaced339b73e,src,test
f74939a64a205d89721383c24874fe4e41439cfd,src,test
f636f23bdef4b27752ca249a28463ec1b6af1f0b,src,test
29f4990e25842d232922171594d835888627ace0,src,test
64bb2291f9a9bbab67d865dffe603f8a0df8ef30,src,test
3e66c9c827308d2f549a16440e3f0ef7fd844e04,src,test
6aa71f116df0102a98c463f471ad8ddd4dba01f8,src,test
a55420ec8457fb0c7be663b2afbdbc0a60064901,src,test
4a1a31c6a50a0fbe25fa33277909bd51f1deb8e9,src,test
edb6e4c48c19be681f38e9ee27e67b66a1944640,src,test
aedce35970673f20696d5721acba13e986cc764c,src,test
c5d7b308ecf260bf6ccf4b20ac256074fc42768f,src,test
46da17d59abb4f9c48b6ffd31601c212490b970b,src,test
5524adbda991632656059566b69cc2771ba42b7d,src,test
1a7ba5cb0111dd3ed9afd9691cab39b3c341e408,src,test
62581c697a626f2cd848b98648aa42329d482859,src,test
c3b630fc9c2a1c4eb7cb718f8d324bfb306cb9df,src,test
9d3ed3fb128d2378e76f65e15bc45783eaf4cd57,src,test
a02241e5df48e44e23dc0e66dbef3fdc3c91eb3e,src,test
44c2d71195e5c4a3ded0ef2b2e593cabdeeec08b,src,test
5909c3db59b16886917456ab950ef9661a7fe6b1,src,test
d79072969c2f31860ea1f55e392a146c49bc2d0f,src,test
9959716b01fc5231ae68bc7a24454ce45d341606,src,test
4adf024b5eb87f6b760b40e9923ed1391bca4152,src,test
7e9b8336568ea7f05c33e1b58eb67fa6d4eee756,src,test
fc307189f141773d0a66c235f8f37f05c8252d8d,src,test
f2c0cb1f67ecb3315c0cb11326c9cb04db07ee8a,src,test
1d13eac7441b980804c7ddfbe48a10a2ec3431d0,src,test
9e921fa973c603473f745fff76c44620fd7719e3,src,test
f791e3a7a172728b54a337c94bff4bc27c7adc43,src,test
f759f431d5a7a2261b44440bca9cfab93ae25302,src,test
2d3b9a6c591ef14e8c9208a3f049a1630c993d84,src,test
f640b5dec722422c93a9a624cd21d30b5e321858,src,test
7876ab2f80475ead7eb239dda7f65348c5cb7bdb,src,test
49b4ef31c850611a5c85d95140b4cedda7f4c59a,src,test
5331b915cf55e8d5f030b6cc62487757cfe50cd6,src,test
fbaadc736f0031dd84bebea33abae497b47158cb,src,test
042b972a5853424d39be1cb76f2710d4bc3380e0,src,test
34e4616a924bf272c076039e143e20f1d792731e,src,test
bac71221414f7f42d31d3634c935c2ae1a940376,src,test
b12d1d6489329c989b15635f6f7f06681b3f6582,src,test
1e07047234938543ea364f68ec0f29686dbc12f1,src,test
37b0e1b0b5860e6cd4f48519c1105623778dc44f,src,test
7deaed51a2313dd3d5814cf3ed93d7140cf3b1b5,src,test
de726510af4329fb8eeb8a54b2d93d8d37c87545,src,test
620fc21fa289cf0fda52c3d310a41d9fc2103be9,src,test
48aea0ff7d027507362007415963a4b662fb10a7,src,test
9465f9139201814dc532adc33fe44a169a101937,src,test
59a30b48325cccadabae8687fdf603d72e26c157,src,test
984bce0d9f36b0a21a0f9b51dc68fca0175aa1c8,src,test
aa89d05b48332d68b8e6ebcee427b2ac3b4e3184,src,test
8777edb959dfea307495e667c2c01834adabb906,src,test
9d5a6e3082dd99f6c44df1b3526b9e83b79aa7da,src,test
f392c8416faeb6dc41e663912ad7f4421d893a90,src,test
63df133d0850805818d1e280ba47dcefc9763c89,src,test
036f2173d91679c7c914da196761c0f7d05e5389,src,test
ec4a34c2bd87ba54fa8770affdeeea4f3c42089b,src,test
7433d30ac4cb2334d22e66299846118686efe939,src,test
db1fdf97454a6e4ff2d29cab5f1ef2273b54c0b4,src,test
c498ecb791f2dd8a1b37e74f94c1c119549607bc,src,test
e323b879de2e53e5eedf6e7afb0d582382c6248d,src,test
3f8896c5f08cd04efabfc1bd9915ebfd93fb832a,src,test
ee8344091722c28c9351e78dcb4155fbfddfd1af,src,test
760bded3242093d86611a82e81fdca302a1487f1,src,test
03fee32a06ccf8257b2da67b9034270be38805ae,src,test
d5bf6b425c5d52b28136afc9770876139b34acd7,src,test
c6cc58a9bc617483366141386e047b085b4e83ff,src,test
31baadd1293c5ae7af05b3a06a1ba3a06403e4ed,src,test
78b01c3a435cd175ce3ee70f97b2f8faac342cdc,src,test
a6ca7c196cb8f9bcddefd038d80217c3de486e4e,src,test
b88400ce0e9c1a0dadfd3417c256b02a82f38fe1,src,test
25827942ba9d45825dfd92faa37a78dbc9034ad0,src,test
25829b0395164533782d608399096803321225a7,src,test
b40c6c7e0e323f1b69fe7f9686ed8f763b01faf8,src,test
5d397618f3c86d9c444a4c4c6441267b8a89a21d,src,test
f3c23f757da302483c86414ec8b9c502f10fce00,src,test
58786c3f717fa506280127265cd68fedf17de0a9,src,test
a2153e7405e09c8fa413a01874c949b8b2bcd32b,src,test
084b868bc2fbf9d6d0319e5a362ade1d7f43f899,src,test
a65a72e9dd320790710beed1593dd6358c4bf029,src,test
a857aec27d79fc234fddd4a72c1215af0251b2d8,src,test
1a7fbd18b47c102152869c3b046b65ff0f12fc43,src,test
43c245f0ff8d409e81e25687e69d34666b7cf26a,src,test
840ddca5b28cea7563a5be20d2624478af67bc02,src,test
4839e1ea57f9a1a26debd2cc8f22beef7282b490,src,test
9f8345afa4e5eaa24e3ff6a84d16691764698799,src,test
21a2103d7fa5664ea324ef9ee25b4a8922e50955,src,test
2410995673fcaaaec5d4d48eae9139127c64acac,src,test
0907b6618a60b2de23c8f7ec2217a37dc5e9a091,src,test
5cd9c1efe90dc7c1be33cd7f8c1dcbaa9225909e,src,test
f64a3f51bd346547ce6e1edb30601df73dff27d9,src,test
e9f7e6114414f68deb90f4116861d7a054365404,src,test
6a17da87f9e132bdc147b33223826da040c77a6b,src,test
d68322323aa52d943b9dc5618ef8ea81d43d7b4f,src,test
4b065734d8afb5ab0d241ee5da22af0fa9d75ec3,src,test
e7ad2425c384dcb18a34bec8e147a91c658d5118,src,test
c5e143f7df0c3d73f6634488cac8ad8e7054fe05,src,test
97485ec652a6d3471c539d5b0ead4f05707db139,src,test
7eb2d84de101a125d41d3a1157f4eed789ca4a0d,src,test
8eee751ff9f460c4a769d598c65b1cd643dabc7b,src,test
8980b60033b1c6853cbca593ec89d3d332adf7dc,src,test
39dde4ca5df6263d7058029e081a710d7fa13de9,src,test
9d1e18e87a41f2a610ed70f3a1d57abbce7a1cd7,src,test
386ab6da410291c7b9b4880354dae764275a9518,src,test
7cc748592670105f9d783b1b85f0f27e938db4ff,src,test
9d72612f028076aa43a9b259c29b2a940398465f,src,test
f6607996d6d3bd6820ce3848d147991b27600a12,src,test
f93cdf97ea803c4702023daf1326dc45172de611,src,test
807aaf2569e9eb09761068c5aeb95654daea30d9,src,test
b9bc1534921f1e98da5a373e39ea2d71a4a39175,src,test
ee749e286b477f8d6f53ff5960a38453baf50f31,src,test
4cf197f69d8733ac68b02672b2e23d7939e5eb76,src,test
d1df970451b5a18956448097b3afb43f3a82263d,src,test
d768bbc4212ee0d95d20d52426fbad47f0f9c56e,src,test
8aa879a4eeb18cfc8d13e6c843a32b7f41ccd516,src,test
ccbbcbf71b1cb8771c9cdad1d28b367ce6ea0da2,src,test
6d00ac1a68612aade8a19d7ecc9b180f00ae5234,src,test
71a6f6049d9359ea047adafc2a77e4dfb1398f41,src,test
369282db85567f1bf2c9635d0c0043d47f114814,src,test
2d892b164f41c053de4d56e424f0815576c6dc54,src,test
d48c365ba8251057a71a2e2b7aabff640209e31b,src,test
9a1ddf5f982e54ecbc3e028dfa84ef9bd07a8044,src,test
2f5cb1622371de540fe20dcbe0411651ec89f952,src,test
67289ae4cbaba3ae70cd2e8fb92f3f2898039dfb,src,test
1be1c2636ef14071afa7da5cb8988972bd90149f,src,test
113a08f59e8116fb11a7d4ceb11d5bb09b74ac3c,src,test
8e121a1fe0cea18df772320da1b663a6d663a0e8,src,test
e609670bb56e0c7216c9476a5f6a5594e7f1acdb,src,test
6a36f04485599820ff86441accee002b4deec2eb,src,test
49e9565febba904484396e2aef7dbe86f55e9cc5,src,test
aae547f4d911dfbf42ca5a31aeb401ac83725a14,src,test
acd31d1221421da27c4fd1a55ec751488ad85744,src,test
7d26b7bcae8311f3c032bae3f1df27b590a4c174,src,test
bb893266036cbc7f0b434794d4fd9306513357be,src,test
13fb7fcbcad87f8df63535491627bf7b01471064,src,test
5917817198c13401d7eb4e15f3e462fa7f46f1fe,src,test
6f981f77e5bd9e2eecbd851a2a02933cdb9af0d8,src,test
450f0f6ef5d9b1bea2bc556e6029fa4f2f8554a2,src,test
b168c8822b2d3d12515ec6477812674c8805bcf3,src,test
fb0f2fd881cd00766b90d78072ea9ab30e5d7da7,src,test
0fb76a81bbdd8ab84a00b8be2099abfb83c88668,src,test
fa1e469dde0bdfd6978a3266db7803b8d39d1d69,src,test
5f03c6817341d39d8dead76c7511fd6bb0b9009f,src,test
a44af4540d0f2bf5fc5ecd0a34c9fea656ee574c,src,test
4597738e8898f738c1f969fe90479728be81cc80,src,test
2d6e1c78f41248fbbb1eec43b23e7430e2bc7885,src,test
b80dfd3b0e5e4b490b7afb469320d18bac4520b4,src,test
b9262dcd42d1b8f53c2a974c182feba2899dc74c,src,test
871bca1f36c5c06aa880ce21429da63a76f8f6e9,src,test
6c43134465d961e19098964c6be69bf48fe8e860,src,test
f17961ae4d3d7cf5ea291d82804239982d009ef7,src,test
046e0b226e963bc584c2a6cd3c2b471777c5cc53,src,test
3e0d176234636b3dfba0a3060b18488c6752ae8c,src,test
0123fd5303c85d0d26add64aa2e19fee33f73aaa,src,test
9f890320310e8ecb8dd2b6dc043eb24d8b0a25c6,src,test
2aee36e667526ff8b0b5e6dad66506acee920ea6,src,test
1af41ab430be090a9a6177648b18c1ff9fb88c3f,src,test
a8a456b183c9600658bcb0c72091bae1a30a4fda,src,test
f22a0e8b289e8ed26f04ea0d3af3612b6e15414a,src,test
8d11b8cc7a6183222b61c9bd398fed5448c59109,src,test
60dac870c77b5de63d981f4be40106fe1c87b7d1,src,test
e7f4269d0289f4d47217207ec456219db8efe47c,src,test
95ff0484a76d60d30145f4e3da4bf9b517029361,src,test
8cef00180a5cf67d047919c89668a6405030dbab,src,test
ddc1299802e88b9814250c369e3fe6f7ee07d4e5,src,test
bd2803b6d9ab600906b262ae51cb3591160b5f3c,src,test
211dc0161ae737f59cac22f30b048d56a059d14b,src,test
437a9e47d1a371f9e6724210b16d11d75366c3a0,src,test
d82fb38b0121bf690cea58df293185c7e91ded9c,src,test
79a8906570f44e5f519282bd32595985ed089aed,src,test
4ff5d0b989360d785c63978faf8eed6284e030e1,src,test
9fac3ccd2fa9e6137584f079db1a6f5962a65cf4,src,test
8a37f1089f62deaebc29fe5c8a22f48d04a6c8b1,src,test
7f6700e2b54af3af409f3e8851a0d98a72beef4b,src,test
602dc3845e92d39a0701396666635ccc4a321599,src,test
5b9485903b5e7d926f49dc91b915a256df92591c,src,test
f5a77bb416ab2223fda83de118da1007e5962498,src,test
4fbbc47cb18f241b23dd2d4bf9c15d45b2473523,src,test
c5e6df9c0f84de1eee287d530ef8721c05e9cf14,src,test
b4c6a605c0aee776bf195c8d71fe2aeebb47665a,src,test
ac239c7c53aa4d6c3105f600dec8af69da530883,src,test
d06ac163013a3779fcec7c2f544ba99d08f69f58,src,test
b675d1da9d5f8b36849db4943f580969105901a4,src,test
d9b11f3334dcb04cd35abe5f7a5fbfb000fa0986,src,test
d58006a939b740ea78dc61128065a6fdb8f303ca,src,test
4f663a93dcdc8130cf92c3ad31ce8a8ac1fd0804,src,test
8d58355140bfdfbfc85c4629b90ed1d78225b520,src,test
61336bdc14f94b57ba58042f958c2a3227a55a3f,src,test
32f4884ca5aa648d48d988d8d7dada88212d6dbe,src,test
e414f154d5c4dae483f251ebeb2d9ef598aaa0f6,src,test
acc3c458096b1eb7bfc5d7371eafb30af5f7b66c,src,test
f5bcee992bf149fa39f9eafc870ea2046d5809b4,src,test
6b825fb7dbe65d4523f2af9c850ed7e7f43862c2,src,test
3395eb68a19a8492196df62fb9e38c814de80f08,src,test
dffa868e080b54544e05b96c81dceef522439180,src,test
89441fcc27e2d7f36d7b2f3990bbc894235bb5b4,src,test
d5dad765e6cbdf512f80a1331e08d3e54baea3fa,src,test
29312d9f6d01e6c1fce4da0a644881c83864549f,src,test
303a90a0e1fea556eec005e8b0934e87045810a3,src,test
a4f32ed8acef2880288fe9559f8c60fba444bbe3,src,test
87ff82f73e843495a887ef08bc92a98b4c7c105c,src,test
fcccf543e85a214f0948d1ac5cab3fa05363e845,src,test
9f19220fbd022e8fbcee16d117564d5412e4ffa7,src,test
41acde3e8e5e8d37ade765b41d9fd29861f03e5e,src,test
bae144ca994994d3ada90c9311286e9277f86288,src,test
f39bbdd39c9ec2136f0a58a677bd2fdae77075a2,src,test
86a7d25f3cc1177f35dc6480260fb807912c03fa,src,test
ba0119710233a1be87c10c5e71424dc5922cc627,src,test
d8624db8004fc8ef596d4ccedff7f307f444ad30,src,test
09ed556367fbe81b3003881dfacad643939664c0,src,test
ff1a3d71ca63efdfc79112b6212fd10bd9aecce8,src,test
86caf52b53f53d8b83e9c1092f4b15ddeb6ca5bb,src,test
08fc2551ca3c811a02407d593b6ae39d2439a88c,src,test
de491e70b971caca03f07531c2caf97b878cd1ff,src,test
d00fc0c64dba6762b649f9690cd52c68b849e118,src,test
fe58a5d1750bab2c5d1d0ef16102c1000e761bd8,src,test
07dd3707c1a61ff21de3f7a7f15585bbb5f70573,src,test
bf8fc4533884f914182f861576808e71c18410cc,src,test
52547e61d187e102f21e5545c24e8d232fefe92f,src,test
053636cbd1a8fb97e55b4f82bc4b5bee8beaf47e,src,test
4d09ce45270187fa65a891e56081960a0ae449e5,src,test
f86b8929454da31fbc59cbf95293c7138e0b8200,src,test
91d0d35fba40aac9316db9e2f8aa94cd3a3b6c2e,src,test
82a9956c6337d2f5d4a94ebe624d64faa54d9182,src,test
8d53308bb1d34c16af002ce5fe46cf0ae6c38128,src,test
35d56dd1fadec0ed50797d222de4e05f78bbf1c9,src,test
b1ffe42efdaaf0266b4ba10e05de124a885cf979,src,test
dff6e0114f19c20aeb63393d67aa0880ff5745b5,src,test
c9e89727dc8063d087d28e42629606f4fd74a6e5,src,test
465282f1ca28a208b06c47b55fd292d4631c55da,src,test
45fd54a488cfbf27978fc4811a722f1fedb8ddaa,src,test
7eaa0d8eca2549742649af34671eaf3da83b5c08,src,test
222eafd303155b3eac5cd244584b2cb3c4c11975,src,test
c25df7eca2462861bf42ad8b74215099c3f81ae6,src,test
8ff053c723ec20f5b8e1e9e87164bbd657f7d2ca,src,test
3ce4716848eb71b6e78a4545a2cc0c27e74a29b3,src,test
b347ce3a71e23a4ab92dc0a6c07d43e2f497c953,src,test
a70a7c599e53a7752cf4b9e6e82b4408c3c4c04b,src,test
6f2539acd3c37bd7f0d031b43364f75a5cd6d5f7,src,test
da30f170f29e983f014fb029fe5779bfd5d3b04f,src,test
1f5edbcd2b5b09ec59151137e643d9ce75ef1055,src,test
e185090c145950cc1eaba599e9f64bc305dec4c7,src,test
2131059de15ba858adf7646bfba5cbd04b661336,src,test
938f48a60c544f6b7bdb5d49006f654a51ca9a22,src,test
37bc6d41f17d17a822bbcd9aed9f17649a3384fd,src,test
d1f25380b5d74c5303533491e36ae4b33a50e2da,src,test
86860111110ec7a96d92fbefb6c3ae15e3575405,src,test
6d374c3ee4c9c2651ffb44048924e127fd2bf37c,src,test
d6eebf3357f6f06b44cefbe55aabeab5bf25216e,src,test
aeed47f424d93d9ff82e0782fca53259829362b1,src,test
94623ace4074dea70ffdde117a2d5e11c76de5fa,src,test
038da2119223818ee1c56eaf600a583f755f9b30,src,test
095dd84b712332cd74dff3d1d2fc236aa93e7b78,src,test
d2b3ca66b6088c1c08437c120ae215d91d313b7c,src,test
ecd0a7791a772cfa27a6f7dc071b2bd711517b80,src,test
e96ce395944edfe9ba8e9de6b475cb64a7f8d626,src,test
ce86cc8e460060e1280f365f22ccd5c375e2f5ed,src,test
d38ce5675419b30040bc44413e77e7317ed0c7f2,src,test
6d38965a1e0a3a61435b9bebc91ff1ba0a64013a,src,test
d5b7f2d9a109eefee69a6554eb4a899e60139101,src,test
49f54b28376a4ed5f72ec52d314020bd1f6cf3c6,src,test
